"name","weekday","sum"
Abraham Bennet,monday   ,19687184.0600
Albert Ringer,monday   ,26095767.3300
Ann Dull,monday   ,2251059.4700
Anne Ringer,monday   ,3836333.4000
Burt Gringlesby,monday   ,7105494.4000
Charlene Locksley,monday   ,5946108.7200
Cheryl Carson,monday   ,3670322.9800
Dean Straight,monday   ,13807973.1600
Dirk Stringer,monday   ,47511599.8500
Heather McBadden,monday   ,18991189.2100
Innes del Castillo,monday   ,14654025.9300
Johnson White,monday   ,4847862.8450
Livia Karsen,monday   ,10759483.3900
Marjorie Green,monday   ,4964446.4500
Meander Smith,monday   ,3698554.3800
Michael O'Leary,monday   ,11290527.5900
Michel DeFrance,monday   ,32040606.8600
Morningstar Greene,monday   ,3496641.8900
Reginald Blotchet-Halls,monday   ,4977103.2000
Sheryl Hunter,monday   ,11937365.4900
Stearns MacFeather,monday   ,2251524.4900
Sylvia Panteley,monday   ,6168513.2000
Abraham Bennet,tuesday  ,16460956.6300
Albert Ringer,tuesday  ,26227025.3700
Ann Dull,tuesday  ,2399294.2800
Anne Ringer,tuesday  ,3995619.8000
Burt Gringlesby,tuesday  ,4559079.2000
Charlene Locksley,tuesday  ,6364510.8000
Cheryl Carson,tuesday  ,6023760.1400
Dean Straight,tuesday  ,10795596.0400
Dirk Stringer,tuesday  ,41006973.1500
Heather McBadden,tuesday  ,16940034.0900
Innes del Castillo,tuesday  ,16082145.0900
Johnson White,tuesday  ,7406556.4000
Livia Karsen,tuesday  ,12884323.8000
Marjorie Green,tuesday  ,4527374.1000
Meander Smith,tuesday  ,3659007.7500
Michael O'Leary,tuesday  ,4441148.1500
Michel DeFrance,tuesday  ,24630390.6300
Morningstar Greene,tuesday  ,5219528.5800
Reginald Blotchet-Halls,tuesday  ,3934180.8000
Sheryl Hunter,tuesday  ,10068054.9900
Stearns MacFeather,tuesday  ,1389036.1100
Sylvia Panteley,tuesday  ,4543939.0000
Abraham Bennet,wednesday,22683225.3000
Albert Ringer,wednesday,28422550.9400
Ann Dull,wednesday,2506814.5700
Anne Ringer,wednesday,3511492.2000
Burt Gringlesby,wednesday,8095555.2000
Charlene Locksley,wednesday,8488907.4600
Cheryl Carson,wednesday,3141102.5800
Dean Straight,wednesday,12804439.0000
Dirk Stringer,wednesday,29673329.4000
Heather McBadden,wednesday,12370391.2400
Innes del Castillo,wednesday,15199051.3200
Johnson White,wednesday,8071635.8450
Livia Karsen,wednesday,15935555.2600
Marjorie Green,wednesday,6914867.7500
Meander Smith,wednesday,2668014.9300
Michael O'Leary,wednesday,12206234.8200
Michel DeFrance,wednesday,35720244.3400
Morningstar Greene,wednesday,5920134.0100
Reginald Blotchet-Halls,wednesday,5714596.8000
Sheryl Hunter,wednesday,11143444.3700
Stearns MacFeather,wednesday,1883924.5100
Sylvia Panteley,wednesday,5122396.8000
Abraham Bennet,thursday ,14570029.7400
Albert Ringer,thursday ,24791058.3700
Ann Dull,thursday ,2014951.8300
Anne Ringer,thursday ,2337860.6000
Burt Gringlesby,thursday ,6495136.8000
Charlene Locksley,thursday ,6978221.2500
Cheryl Carson,thursday ,4971333.8200
Dean Straight,thursday ,13548807.5600
Dirk Stringer,thursday ,49688624.7000
Heather McBadden,thursday ,18347044.2100
Innes del Castillo,thursday ,12801301.3800
Johnson White,thursday ,5282759.3150
Livia Karsen,thursday ,17787288.3300
Marjorie Green,thursday ,5785330.9000
Meander Smith,thursday ,3274075.3200
Michael O'Leary,thursday ,7069200.2400
Michel DeFrance,thursday ,36165016.1600
Morningstar Greene,thursday ,3297526.6900
Reginald Blotchet-Halls,thursday ,5995240.8000
Sheryl Hunter,thursday ,7948782.7500
Stearns MacFeather,thursday ,1952769.5100
Sylvia Panteley,thursday ,8020966.5000
Abraham Bennet,friday   ,20784307.3600
Albert Ringer,friday   ,22418705.9000
Ann Dull,friday   ,3150889.7500
Anne Ringer,friday   ,2583058.6000
Burt Gringlesby,friday   ,7821860.8000
Charlene Locksley,friday   ,6999382.4700
Cheryl Carson,friday   ,7064119.6200
Dean Straight,friday   ,12347573.0000
Dirk Stringer,friday   ,51865649.5500
Heather McBadden,friday   ,18008817.1800
Innes del Castillo,friday   ,15600466.7100
Johnson White,friday   ,4286612.2950
Livia Karsen,friday   ,9212663.6600
Marjorie Green,friday   ,7209399.6500
Meander Smith,friday   ,2583691.2000
Michael O'Leary,friday   ,16409243.7700
Michel DeFrance,friday   ,38497660.2500
Morningstar Greene,friday   ,4362031.9500
Reginald Blotchet-Halls,friday   ,7099514.4000
Sheryl Hunter,friday   ,15548404.6700
Stearns MacFeather,friday   ,1539399.9600
Sylvia Panteley,friday   ,5450303.7000
Abraham Bennet,saturday ,12116144.5900
Albert Ringer,saturday ,26695341.2500
Ann Dull,saturday ,3051685.7300
Anne Ringer,saturday ,2463593.8000
Burt Gringlesby,saturday ,6531308.0000
Charlene Locksley,saturday ,8096511.9900
Cheryl Carson,saturday ,4917315.5000
Dean Straight,saturday ,15976346.4400
Dirk Stringer,saturday ,51865649.5500
Heather McBadden,saturday ,15663193.1200
Innes del Castillo,saturday ,16727707.2000
Johnson White,saturday ,7105266.7250
Livia Karsen,saturday ,12348711.1200
Marjorie Green,saturday ,7259988.7000
Meander Smith,saturday ,2914520.2800
Michael O'Leary,saturday ,9596501.1300
Michel DeFrance,saturday ,40957100.0100
Morningstar Greene,saturday ,3510680.2900
Reginald Blotchet-Halls,saturday ,6125778.4000
Sheryl Hunter,saturday ,10285970.2600
Stearns MacFeather,saturday ,2595476.9600
Sylvia Panteley,saturday ,4789549.3000
Abraham Bennet,sunday   ,16683061.4400
Albert Ringer,sunday   ,29064581.8900
Ann Dull,sunday   ,2634777.7600
Anne Ringer,sunday   ,2420638.0000
Burt Gringlesby,sunday   ,8856899.2000
Charlene Locksley,sunday   ,8792064.0600
Cheryl Carson,sunday   ,3624983.6200
Dean Straight,sunday   ,16059511.2600
Dirk Stringer,sunday   ,50190039.9000
Heather McBadden,sunday   ,23989939.1200
Innes del Castillo,sunday   ,22265948.1600
Johnson White,sunday   ,6343055.0700
Livia Karsen,sunday   ,10539386.0500
Marjorie Green,sunday   ,7659702.1000
Meander Smith,sunday   ,4710441.3300
Michael O'Leary,sunday   ,6995926.6400
Michel DeFrance,sunday   ,35110145.4800
Morningstar Greene,sunday   ,5111770.1800
Reginald Blotchet-Halls,sunday   ,4650788.0000
Sheryl Hunter,sunday   ,10199300.5500
Stearns MacFeather,sunday   ,1736684.5000
Sylvia Panteley,sunday   ,5468989.3000
Abraham Bennet,monday   ,16384163.1400
Albert Ringer,monday   ,31220301.5100
Ann Dull,monday   ,2326924.0100
Anne Ringer,monday   ,4038575.6000
Burt Gringlesby,monday   ,7904312.0000
Charlene Locksley,monday   ,9104145.2400
Cheryl Carson,monday   ,7613744.8000
Dean Straight,monday   ,11905938.7400
Dirk Stringer,monday   ,56193251.4000
Heather McBadden,monday   ,15069896.1500
Innes del Castillo,monday   ,12217773.1500
Johnson White,monday   ,5324180.0350
Livia Karsen,monday   ,9762472.0300
Marjorie Green,monday   ,5425756.4000
Meander Smith,monday   ,2658688.6800
Michael O'Leary,monday   ,7939111.4700
Michel DeFrance,monday   ,33312336.7600
Morningstar Greene,monday   ,3133828.4600
Reginald Blotchet-Halls,monday   ,7741722.4000
Sheryl Hunter,monday   ,9821701.6700
Stearns MacFeather,monday   ,3127303.6100
Sylvia Panteley,monday   ,3237036.9000
Abraham Bennet,tuesday  ,18199024.1300
Albert Ringer,tuesday  ,32908629.4500
Ann Dull,tuesday  ,2458434.4100
Anne Ringer,tuesday  ,5129429.8000
Burt Gringlesby,tuesday  ,8408939.2000
Charlene Locksley,tuesday  ,6168439.9200
Cheryl Carson,tuesday  ,6620247.2400
Dean Straight,tuesday  ,11168130.4200
Dirk Stringer,tuesday  ,37154338.6500
Heather McBadden,tuesday  ,14947836.1800
Innes del Castillo,tuesday  ,18350335.7700
Johnson White,tuesday  ,8563104.0200
Livia Karsen,tuesday  ,2671055.0900
Marjorie Green,tuesday  ,5604765.4000
Meander Smith,tuesday  ,3347578.3800
Michael O'Leary,tuesday  ,6135174.6100
Michel DeFrance,tuesday  ,34047874.7700
Morningstar Greene,tuesday  ,6215751.6100
Reginald Blotchet-Halls,tuesday  ,5273424.0000
Sheryl Hunter,tuesday  ,11910347.1100
Stearns MacFeather,tuesday  ,1589341.0300
Sylvia Panteley,tuesday  ,7036677.1000
Abraham Bennet,wednesday,14631787.4100
Albert Ringer,wednesday,26581537.7500
Ann Dull,wednesday,2346145.0600
Anne Ringer,wednesday,4764767.0000
Burt Gringlesby,wednesday,10497285.6000
Charlene Locksley,wednesday,6434626.8900
Cheryl Carson,wednesday,5136776.6600
Dean Straight,wednesday,14720857.8000
Dirk Stringer,wednesday,53567707.0500
Heather McBadden,wednesday,12905836.1200
Innes del Castillo,wednesday,12993866.6100
Johnson White,wednesday,5035918.9150
Livia Karsen,wednesday,9297479.6600
Marjorie Green,wednesday,9290687.8000
Meander Smith,wednesday,3965953.8600
Michael O'Leary,wednesday,10420616.3600
Michel DeFrance,wednesday,22263136.5500
Morningstar Greene,wednesday,6036167.6100
Reginald Blotchet-Halls,wednesday,5726333.6000
Sheryl Hunter,wednesday,9590423.8300
Stearns MacFeather,wednesday,2062312.0800
Sylvia Panteley,wednesday,4871876.8000
Abraham Bennet,thursday ,18782684.4300
Albert Ringer,thursday ,21237238.3600
Ann Dull,thursday ,2793772.5400
Anne Ringer,thursday ,3673912.8000
Burt Gringlesby,thursday ,6500703.2000
Charlene Locksley,thursday ,8146994.1900
Cheryl Carson,thursday ,4267190.7200
Dean Straight,thursday ,16974224.8200
Dirk Stringer,thursday ,46561665.1500
Heather McBadden,thursday ,22995826.3000
Innes del Castillo,thursday ,13862619.6300
Johnson White,thursday ,6216048.7250
Livia Karsen,thursday ,12841915.8000
Marjorie Green,thursday ,6349266.7000
Meander Smith,thursday ,3604904.4000
Michael O'Leary,thursday ,6986767.4400
Michel DeFrance,thursday ,35428121.6300
Morningstar Greene,thursday ,4717371.1500
Reginald Blotchet-Halls,thursday ,5688500.8000
Sheryl Hunter,thursday ,10471014.6600
Stearns MacFeather,thursday ,2362422.8900
Sylvia Panteley,thursday ,8097491.7000
Abraham Bennet,friday   ,12097030.1000
Albert Ringer,friday   ,30626186.8500
Ann Dull,friday   ,3445539.8300
Anne Ringer,friday   ,5414449.4000
Burt Gringlesby,friday   ,7188224.0000
Charlene Locksley,friday   ,7692896.1000
Cheryl Carson,friday   ,6165449.9400
Dean Straight,friday   ,11802986.4400
Dirk Stringer,friday   ,45361022.8500
Heather McBadden,friday   ,17990239.1200
Innes del Castillo,friday   ,13253957.2200
Johnson White,friday   ,4653961.4250
Livia Karsen,friday   ,12380517.1200
Marjorie Green,friday   ,8970694.8500
Meander Smith,friday   ,5423214.0000
Michael O'Leary,friday   ,11327164.3900
Michel DeFrance,friday   ,41725125.8800
Morningstar Greene,friday   ,3684168.9200
Reginald Blotchet-Halls,friday   ,7822645.6000
Sheryl Hunter,friday   ,10081710.8000
Stearns MacFeather,friday   ,2159957.5900
Sylvia Panteley,friday   ,6597940.1000
Abraham Bennet,saturday ,13969145.0800
Albert Ringer,saturday ,25120896.2000
Ann Dull,saturday ,2530492.6000
Anne Ringer,saturday ,4645302.2000
Burt Gringlesby,saturday ,7201116.0000
Charlene Locksley,saturday ,4193968.5300
Cheryl Carson,saturday ,3757193.5600
Dean Straight,saturday ,12967664.3200
Dirk Stringer,saturday ,67526895.1500
Heather McBadden,saturday ,19217981.1500
Innes del Castillo,saturday ,26517735.7800
Johnson White,saturday ,7499285.1000
Livia Karsen,saturday ,11085600.7300
Marjorie Green,saturday ,7212179.6000
Meander Smith,saturday ,2710550.4000
Michael O'Leary,saturday ,13030350.0500
Michel DeFrance,saturday ,36038220.4900
Morningstar Greene,saturday ,5220279.9500
Reginald Blotchet-Halls,saturday ,5795520.0000
Sheryl Hunter,saturday ,11814216.4900
Stearns MacFeather,saturday ,2820825.7200
Sylvia Panteley,saturday ,6145872.3000
Abraham Bennet,sunday   ,12580195.4800
Albert Ringer,sunday   ,24169694.0000
Ann Dull,sunday   ,2699908.8000
Anne Ringer,sunday   ,3591135.4000
Burt Gringlesby,sunday   ,6283397.6000
Charlene Locksley,sunday   ,7157972.6100
Cheryl Carson,sunday   ,4217321.5600
Dean Straight,sunday   ,12166342.5800
Dirk Stringer,sunday   ,52089909.3000
Heather McBadden,sunday   ,14195121.0900
Innes del Castillo,sunday   ,17649985.8900
Johnson White,sunday   ,5505380.2250
Livia Karsen,sunday   ,8388957.7100
Marjorie Green,sunday   ,5592534.4500
Meander Smith,sunday   ,6371671.3500
Michael O'Leary,sunday   ,7911633.8700
Michel DeFrance,sunday   ,33035779.7200
Morningstar Greene,sunday   ,4548475.1500
Reginald Blotchet-Halls,sunday   ,6151874.4000
Sheryl Hunter,sunday   ,9971924.3700
Stearns MacFeather,sunday   ,1514356.1200
Sylvia Panteley,sunday   ,4033109.3000
Abraham Bennet,monday   ,13485559.0500
Albert Ringer,monday   ,29268566.3100
Ann Dull,monday   ,2487167.1100
Anne Ringer,monday   ,3958932.4000
Burt Gringlesby,monday   ,6421035.2000
Charlene Locksley,monday   ,6782150.3700
Cheryl Carson,monday   ,6044545.5600
Dean Straight,monday   ,17417197.9400
Dirk Stringer,monday   ,48962949.7500
Heather McBadden,monday   ,20906735.2400
Innes del Castillo,monday   ,14938619.6700
Johnson White,monday   ,7753645.2800
Livia Karsen,monday   ,10245074.7100
Marjorie Green,monday   ,8698511.0000
Meander Smith,monday   ,3092493.9900
Michael O'Leary,monday   ,10457253.1600
Michel DeFrance,monday   ,28143344.5500
Morningstar Greene,monday   ,2823175.6600
Reginald Blotchet-Halls,monday   ,7891832.0000
Sheryl Hunter,monday   ,7468907.5200
Stearns MacFeather,monday   ,1580570.4600
Sylvia Panteley,monday   ,6449353.1000
Abraham Bennet,tuesday  ,16748059.4400
Albert Ringer,tuesday  ,33919124.9400
Ann Dull,tuesday  ,2255204.3700
Anne Ringer,tuesday  ,3833199.2000
Burt Gringlesby,tuesday  ,7601036.8000
Charlene Locksley,tuesday  ,6309440.6100
Cheryl Carson,tuesday  ,7353093.4400
Dean Straight,tuesday  ,13190554.6000
Dirk Stringer,tuesday  ,45835990.2000
Heather McBadden,tuesday  ,22387908.0000
Innes del Castillo,tuesday  ,19645979.4000
Johnson White,tuesday  ,4752982.0700
Livia Karsen,tuesday  ,6175627.8900
Marjorie Green,tuesday  ,5631116.8500
Meander Smith,tuesday  ,4359465.3300
Michael O'Leary,tuesday  ,12197075.6200
Michel DeFrance,tuesday  ,32801232.7000
Morningstar Greene,tuesday  ,6839482.4700
Reginald Blotchet-Halls,tuesday  ,6187126.4000
Sheryl Hunter,tuesday  ,15351655.2900
Stearns MacFeather,tuesday  ,2334851.8500
Sylvia Panteley,tuesday  ,6008738.2000
Abraham Bennet,wednesday,17259606.2800
Albert Ringer,wednesday,30534328.6300
Ann Dull,wednesday,3347219.1100
Anne Ringer,wednesday,2907899.8000
Burt Gringlesby,wednesday,6346933.6000
Charlene Locksley,wednesday,8894561.7900
Cheryl Carson,wednesday,4821345.7000
Dean Straight,wednesday,7350777.0200
Dirk Stringer,wednesday,45585282.6000
Heather McBadden,wednesday,20993289.0900
Innes del Castillo,wednesday,11659379.1000
Johnson White,wednesday,3949366.8150
Livia Karsen,wednesday,11897914.4400
Marjorie Green,wednesday,9713082.3000
Meander Smith,wednesday,5083058.6700
Michael O'Leary,wednesday,11345482.7900
Michel DeFrance,wednesday,33420853.7200
Morningstar Greene,wednesday,3384856.2900
Reginald Blotchet-Halls,wednesday,4308796.0000
Sheryl Hunter,wednesday,11532748.2300
Stearns MacFeather,wednesday,2243120.7400
Sylvia Panteley,wednesday,3512491.1000
Abraham Bennet,thursday ,18915088.4700
Albert Ringer,thursday ,37547649.4800
Ann Dull,thursday ,3221726.0900
Anne Ringer,thursday ,3067186.2000
Burt Gringlesby,thursday ,8021453.6000
Charlene Locksley,thursday ,9262224.2700
Cheryl Carson,thursday ,4241875.5000
Dean Straight,thursday ,10171956.8800
Dirk Stringer,thursday ,61022268.4500
Heather McBadden,thursday ,28621316.1500
Innes del Castillo,thursday ,20736320.1900
Johnson White,thursday ,5900873.7050
Livia Karsen,thursday ,7417534.2800
Marjorie Green,thursday ,7173597.2000
Meander Smith,thursday ,5422466.7900
Michael O'Leary,thursday ,11354641.9900
Michel DeFrance,thursday ,33094121.0200
Morningstar Greene,thursday ,3684969.8900
Reginald Blotchet-Halls,thursday ,6254995.2000
Sheryl Hunter,thursday ,10268706.0300
Stearns MacFeather,thursday ,1522797.7200
Sylvia Panteley,thursday ,8308349.6000
Abraham Bennet,friday   ,11573829.1600
Albert Ringer,friday   ,29564483.1100
Ann Dull,friday   ,2579470.4500
Anne Ringer,friday   ,3024230.4000
Burt Gringlesby,friday   ,12396158.4000
Charlene Locksley,friday   ,7208965.9200
Cheryl Carson,friday   ,7589571.5000
Dean Straight,friday   ,12840082.7400
Dirk Stringer,friday   ,44635347.9000
Heather McBadden,friday   ,15250010.2400
Innes del Castillo,friday   ,18388207.5600
Johnson White,friday   ,6148318.8900
Livia Karsen,friday   ,15694253.9200
Marjorie Green,friday   ,6079862.8000
Meander Smith,friday   ,2946235.0800
Michael O'Leary,friday   ,9678933.9300
Michel DeFrance,friday   ,29171005.2700
Morningstar Greene,friday   ,4186326.3500
Reginald Blotchet-Halls,friday   ,7263986.4000
Sheryl Hunter,friday   ,7752326.6100
Stearns MacFeather,friday   ,2050541.3800
Sylvia Panteley,friday   ,5999426.9000
Abraham Bennet,saturday ,19388450.0300
Albert Ringer,saturday ,30130396.2900
Ann Dull,saturday ,2465335.0900
Anne Ringer,saturday ,3474804.8000
Burt Gringlesby,saturday ,8509103.2000
Charlene Locksley,saturday ,8037358.9200
Cheryl Carson,saturday ,4796030.4800
Dean Straight,saturday ,16347576.3000
Dirk Stringer,saturday ,36177956.1000
Heather McBadden,saturday ,9745042.2100
Innes del Castillo,saturday ,18309888.7500
Johnson White,saturday ,5595191.7250
Livia Karsen,saturday ,11032590.7300
Marjorie Green,saturday ,7583094.6500
Meander Smith,saturday ,3318105.2100
Michael O'Leary,saturday ,9596501.1300
Michel DeFrance,saturday ,34065562.5700
Morningstar Greene,saturday ,5286429.3800
Reginald Blotchet-Halls,saturday ,5884278.4000
Sheryl Hunter,saturday ,9097186.0300
Stearns MacFeather,saturday ,1490873.3700
Sylvia Panteley,saturday ,7592016.8000
Abraham Bennet,sunday   ,10446275.0500
Albert Ringer,sunday   ,22224893.9400
Ann Dull,sunday   ,2651216.5600
Anne Ringer,sunday   ,3919110.8000
Burt Gringlesby,sunday   ,10530395.2000
Charlene Locksley,sunday   ,7024115.4600
Cheryl Carson,sunday   ,6102332.4000
Dean Straight,sunday   ,14025328.7000
Dirk Stringer,sunday   ,39080655.9000
Heather McBadden,sunday   ,20770924.1200
Innes del Castillo,sunday   ,15510382.3800
Johnson White,sunday   ,5826804.9050
Livia Karsen,sunday   ,4082593.4800
Marjorie Green,sunday   ,9097000.9500
Meander Smith,sunday   ,4350139.0800
Michael O'Leary,sunday   ,6153493.0100
Michel DeFrance,sunday   ,34140826.0600
Morningstar Greene,sunday   ,6036363.4400
Reginald Blotchet-Halls,sunday   ,6589152.0000
Sheryl Hunter,sunday   ,14324743.4200
Stearns MacFeather,sunday   ,1294284.6200
Sylvia Panteley,sunday   ,6422989.7000
Abraham Bennet,monday   ,10012033.4000
Albert Ringer,monday   ,39988013.8800
Ann Dull,monday   ,2794084.6200
Anne Ringer,monday   ,4602346.4000
Burt Gringlesby,monday   ,7370839.2000
Charlene Locksley,monday   ,8306095.4400
Cheryl Carson,monday   ,4146286.3400
Dean Straight,monday   ,13881006.6000
Dirk Stringer,monday   ,51139974.6000
Heather McBadden,monday   ,21107242.0300
Innes del Castillo,monday   ,15160207.4400
Johnson White,monday   ,6093414.8100
Livia Karsen,monday   ,8340331.6400
Marjorie Green,monday   ,4090526.0500
Meander Smith,monday   ,2317786.1400
Michael O'Leary,monday   ,10493889.9600
Michel DeFrance,monday   ,34307509.6200
Morningstar Greene,monday   ,5322840.5800
Reginald Blotchet-Halls,monday   ,7168700.8000
Sheryl Hunter,monday   ,11212849.8500
Stearns MacFeather,monday   ,1362307.4700
Sylvia Panteley,monday   ,6645990.0000
Abraham Bennet,tuesday  ,23784730.4300
Albert Ringer,tuesday  ,34321735.2500
Ann Dull,tuesday  ,3193929.6300
Anne Ringer,tuesday  ,4562524.8000
Burt Gringlesby,tuesday  ,7651859.2000
Charlene Locksley,tuesday  ,7370616.7200
Cheryl Carson,tuesday  ,5479388.1600
Dean Straight,tuesday  ,10092405.9600
Dirk Stringer,tuesday  ,43658965.3500
Heather McBadden,tuesday  ,11631014.1500
Innes del Castillo,tuesday  ,19841460.9000
Johnson White,tuesday  ,5535399.0500
Livia Karsen,tuesday  ,10518182.0500
Marjorie Green,tuesday  ,4681812.4500
Meander Smith,tuesday  ,3348325.5900
Michael O'Leary,tuesday  ,7957429.8700
Michel DeFrance,tuesday  ,32985604.0600
Morningstar Greene,tuesday  ,3212181.0900
Reginald Blotchet-Halls,tuesday  ,5517501.6000
Sheryl Hunter,tuesday  ,9914223.8700
Stearns MacFeather,tuesday  ,1493524.2800
Sylvia Panteley,tuesday  ,6434177.7000
Abraham Bennet,wednesday,14253544.3600
Albert Ringer,wednesday,32223207.4900
Ann Dull,wednesday,2454601.5900
Anne Ringer,wednesday,4078397.2000
Burt Gringlesby,wednesday,9660259.2000
Charlene Locksley,wednesday,7792844.2800
Cheryl Carson,wednesday,3799906.3200
Dean Straight,wednesday,11795369.4000
Dirk Stringer,wednesday,58845243.6000
Heather McBadden,wednesday,10585961.1500
Innes del Castillo,wednesday,24652273.6200
Johnson White,wednesday,7637780.2350
Livia Karsen,wednesday,12767701.8000
Marjorie Green,wednesday,6555293.2500
Meander Smith,wednesday,3784372.5300
Michael O'Leary,wednesday,8754067.5000
Michel DeFrance,wednesday,32182968.2000
Morningstar Greene,wednesday,3280128.2900
Reginald Blotchet-Halls,wednesday,5251223.2000
Sheryl Hunter,wednesday,11735056.8600
Stearns MacFeather,wednesday,1437911.9200
Sylvia Panteley,wednesday,6625906.1000
Abraham Bennet,thursday ,14926614.1000
Albert Ringer,thursday ,27082906.5600
Ann Dull,thursday ,1658432.3100
Anne Ringer,thursday ,4728079.6000
Burt Gringlesby,thursday ,5928276.0000
Charlene Locksley,thursday ,8274224.9100
Cheryl Carson,thursday ,5472612.4000
Dean Straight,thursday ,13360927.8000
Dirk Stringer,thursday ,50163592.0500
Heather McBadden,thursday ,26118673.2100
Innes del Castillo,thursday ,15809316.8700
Johnson White,thursday ,5004568.9900
Livia Karsen,thursday ,8205050.3000
Marjorie Green,thursday ,6310684.3000
Meander Smith,thursday ,5400825.4500
Michael O'Leary,thursday ,11318005.1900
Michel DeFrance,thursday ,28375769.4400
Morningstar Greene,thursday ,3019260.4600
Reginald Blotchet-Halls,thursday ,8852520.0000
Sheryl Hunter,thursday ,9922027.1900
Stearns MacFeather,thursday ,1478363.7300
Sylvia Panteley,thursday ,6120462.1000
Abraham Bennet,friday   ,15053618.6700
Albert Ringer,friday   ,19305994.8900
Ann Dull,friday   ,2102512.5800
Anne Ringer,friday   ,2864944.0000
Burt Gringlesby,friday   ,7883816.0000
Charlene Locksley,friday   ,5637088.2000
Cheryl Carson,friday   ,7095829.9600
Dean Straight,friday   ,11611184.1600
Dirk Stringer,friday   ,42933290.4000
Heather McBadden,friday   ,23142284.1500
Innes del Castillo,friday   ,19283066.8500
Johnson White,friday   ,4248019.7600
Livia Karsen,friday   ,8194448.3000
Marjorie Green,friday   ,6630677.2500
Meander Smith,friday   ,3614977.8600
Michael O'Leary,friday   ,7874997.0700
Michel DeFrance,friday   ,26144242.2800
Morningstar Greene,friday   ,4552353.5500
Reginald Blotchet-Halls,friday   ,7770450.4000
Sheryl Hunter,friday   ,10197349.7200
Stearns MacFeather,friday   ,2171012.2500
Sylvia Panteley,friday   ,5922870.8000
Abraham Bennet,saturday ,22023196.1000
Albert Ringer,saturday ,14909343.4500
Ann Dull,saturday ,3309598.9200
Anne Ringer,saturday ,1372739.6000
Burt Gringlesby,saturday ,9119460.8000
Charlene Locksley,saturday ,5475437.4000
Cheryl Carson,saturday ,3305784.1400
Dean Straight,saturday ,13679021.0000
Dirk Stringer,saturday ,60520853.2500
Heather McBadden,saturday ,15587778.0900
Innes del Castillo,saturday ,16093910.6100
Johnson White,saturday ,7234797.6250
Livia Karsen,saturday ,935944.0200
Marjorie Green,saturday ,8826930.9500
Meander Smith,saturday ,3254675.6100
Michael O'Leary,saturday ,8726589.9000
Michel DeFrance,saturday ,31455595.8300
Morningstar Greene,saturday ,3480842.8600
Reginald Blotchet-Halls,saturday ,6068325.6000
Sheryl Hunter,saturday ,11792757.3600
Stearns MacFeather,saturday ,1622234.1400
Sylvia Panteley,saturday ,5946466.1000
Abraham Bennet,sunday   ,15079772.9900
Albert Ringer,sunday   ,26001204.6500
Ann Dull,sunday   ,2916030.4300
Anne Ringer,sunday   ,3839467.6000
Burt Gringlesby,sunday   ,6428360.8000
Charlene Locksley,sunday   ,6279608.5200
Cheryl Carson,sunday   ,5157942.7200
Dean Straight,sunday   ,10020219.4000
Dirk Stringer,sunday   ,50889267.0000
Heather McBadden,sunday   ,22654923.0900
Innes del Castillo,sunday   ,24353339.1300
Johnson White,sunday   ,8618642.3550
Livia Karsen,sunday   ,10152201.3700
Marjorie Green,sunday   ,6375060.8000
Meander Smith,sunday   ,5072238.0000
Michael O'Leary,sunday   ,13048668.4500
Michel DeFrance,sunday   ,25567987.8000
Morningstar Greene,sunday   ,5083447.9500
Reginald Blotchet-Halls,sunday   ,6384218.4000
Sheryl Hunter,sunday   ,11709989.3100
Stearns MacFeather,sunday   ,1812782.1300
Sylvia Panteley,sunday   ,6586750.9000
Abraham Bennet,monday   ,13428763.3100
Albert Ringer,monday   ,22041143.4300
Ann Dull,monday   ,2168865.4700
Anne Ringer,monday   ,4121353.0000
Burt Gringlesby,monday   ,8893348.8000
Charlene Locksley,monday   ,6601376.7900
Cheryl Carson,monday   ,4407318.3400
Dean Straight,monday   ,12737556.3600
Dirk Stringer,monday   ,55968991.6500
Heather McBadden,monday   ,19190861.0600
Innes del Castillo,monday   ,20878617.0600
Johnson White,monday   ,5120362.2800
Livia Karsen,monday   ,8897148.3200
Marjorie Green,monday   ,8274560.0000
Meander Smith,monday   ,4049530.3800
Michael O'Leary,monday   ,7032563.4400
Michel DeFrance,monday   ,22213726.5000
Morningstar Greene,monday   ,3929336.9200
Reginald Blotchet-Halls,monday   ,7578564.8000
Sheryl Hunter,monday   ,11149296.8600
Stearns MacFeather,monday   ,2109030.1600
Sylvia Panteley,monday   ,6799900.9000
Abraham Bennet,tuesday  ,16131139.0800
Albert Ringer,tuesday  ,29840766.2400
Ann Dull,tuesday  ,1520333.3100
Anne Ringer,tuesday  ,3548179.6000
Burt Gringlesby,tuesday  ,5813460.8000
Charlene Locksley,tuesday  ,7424670.6900
Cheryl Carson,tuesday  ,1793991.1000
Dean Straight,tuesday  ,13915225.0000
Dirk Stringer,tuesday  ,47511599.8500
Heather McBadden,tuesday  ,17175981.0900
Innes del Castillo,tuesday  ,19504654.6200
Johnson White,tuesday  ,5416301.0800
Livia Karsen,tuesday  ,9947169.6800
Marjorie Green,tuesday  ,6285889.3500
Meander Smith,tuesday  ,3689228.1300
Michael O'Leary,tuesday  ,5283581.7800
Michel DeFrance,tuesday  ,28252452.4200
Morningstar Greene,tuesday  ,4344816.9200
Reginald Blotchet-Halls,tuesday  ,7448030.4000
Sheryl Hunter,tuesday  ,9388115.2000
Stearns MacFeather,tuesday  ,1721420.4900
Sylvia Panteley,tuesday  ,7955447.9000
Abraham Bennet,wednesday,15830734.4900
Albert Ringer,wednesday,18314662.0400
Ann Dull,wednesday,2673646.2700
Anne Ringer,wednesday,2907899.8000
Burt Gringlesby,wednesday,8084144.0000
Charlene Locksley,wednesday,7232676.6900
Cheryl Carson,wednesday,4374846.7200
Dean Straight,wednesday,9461619.1400
Dirk Stringer,wednesday,61272976.0500
Heather McBadden,wednesday,21342600.1800
Innes del Castillo,wednesday,13162269.7500
Johnson White,wednesday,8111713.5100
Livia Karsen,wednesday,9971967.3700
Marjorie Green,wednesday,5914083.9000
Meander Smith,wednesday,4029383.4600
Michael O'Leary,wednesday,9651456.3300
Michel DeFrance,wednesday,34507446.6500
Morningstar Greene,wednesday,3889193.5500
Reginald Blotchet-Halls,wednesday,6847595.2000
Sheryl Hunter,wednesday,7642246.9400
Stearns MacFeather,wednesday,2439585.7800
Sylvia Panteley,wednesday,6178301.7000
Abraham Bennet,thursday ,12840579.5800
Albert Ringer,thursday ,31652965.9300
Ann Dull,thursday ,2803908.3500
Anne Ringer,thursday ,4884231.8000
Burt Gringlesby,thursday ,8767122.4000
Charlene Locksley,thursday ,7953983.9700
Cheryl Carson,thursday ,5128858.9800
Dean Straight,thursday ,13911317.5200
Dirk Stringer,thursday ,53791966.8000
Heather McBadden,thursday ,12494615.1500
Innes del Castillo,thursday ,19517392.2300
Johnson White,thursday ,7146456.7500
Livia Karsen,thursday ,6349723.5400
Marjorie Green,thursday ,5735074.9000
Meander Smith,thursday ,2603838.1200
Michael O'Leary,thursday ,5320218.5800
Michel DeFrance,thursday ,32275153.8800
Morningstar Greene,thursday ,2387217.2600
Reginald Blotchet-Halls,thursday ,5441791.2000
Sheryl Hunter,thursday ,10002844.4100
Stearns MacFeather,thursday ,1632196.3300
Sylvia Panteley,thursday ,7181275.5000
Abraham Bennet,friday   ,17299536.4900
Albert Ringer,friday   ,19215082.1700
Ann Dull,friday   ,2502981.7500
Anne Ringer,friday   ,4075263.0000
Burt Gringlesby,friday   ,6525006.4000
Charlene Locksley,friday   ,6623560.2300
Cheryl Carson,friday   ,5397808.6600
Dean Straight,friday   ,11468567.1200
Dirk Stringer,friday   ,40281298.2000
Heather McBadden,friday   ,19948616.1500
Innes del Castillo,friday   ,13099263.7800
Johnson White,friday   ,5525743.3100
Livia Karsen,friday   ,12065001.7800
Marjorie Green,friday   ,11524966.5500
Meander Smith,friday   ,3669828.4200
Michael O'Leary,friday   ,12123802.0200
Michel DeFrance,friday   ,36590743.6600
Morningstar Greene,friday   ,7379985.5000
Reginald Blotchet-Halls,friday   ,6670075.2000
Sheryl Hunter,friday   ,10642403.2500
Stearns MacFeather,friday   ,2212901.4400
Sylvia Panteley,friday   ,4452269.3000
Abraham Bennet,saturday ,13774826.3200
Albert Ringer,saturday ,28545150.7300
Ann Dull,saturday ,2754279.8700
Anne Ringer,saturday ,3912842.4000
Burt Gringlesby,saturday ,9946100.0000
Charlene Locksley,saturday ,7746438.9600
Cheryl Carson,saturday ,5185884.5400
Dean Straight,saturday ,14103508.3400
Dirk Stringer,saturday ,52564876.6500
Heather McBadden,saturday ,14670317.1500
Innes del Castillo,saturday ,14330929.3500
Johnson White,saturday ,5823442.5450
Livia Karsen,saturday ,9826084.0300
Marjorie Green,saturday ,5322131.4000
Meander Smith,saturday ,4029383.4600
Michael O'Leary,saturday ,12187916.4200
Michel DeFrance,saturday ,43089807.0700
Morningstar Greene,saturday ,3640566.0600
Reginald Blotchet-Halls,saturday ,6636137.6000
Sheryl Hunter,saturday ,11446078.5200
Stearns MacFeather,saturday ,2740293.2300
Sylvia Panteley,saturday ,4654262.2000
Abraham Bennet,sunday   ,23145398.5200
Albert Ringer,sunday   ,26545905.1000
Ann Dull,sunday   ,2426778.6600
Anne Ringer,sunday   ,3309250.0000
Burt Gringlesby,sunday   ,8063926.4000
Charlene Locksley,sunday   ,8469273.5700
Cheryl Carson,sunday   ,4983781.3000
Dean Straight,sunday   ,11449234.4600
Dirk Stringer,sunday   ,57644601.3000
Heather McBadden,sunday   ,22672407.0900
Innes del Castillo,sunday   ,13992519.9300
Johnson White,sunday   ,7642386.1150
Livia Karsen,sunday   ,10833697.3900
Marjorie Green,sunday   ,7066859.2000
Meander Smith,sunday   ,2925340.9500
Michael O'Leary,sunday   ,6968449.0400
Michel DeFrance,sunday   ,40304991.1300
Morningstar Greene,sunday   ,3604400.2900
Reginald Blotchet-Halls,sunday   ,5828143.2000
Sheryl Hunter,sunday   ,12103194.8300
Stearns MacFeather,sunday   ,1993590.7900
Sylvia Panteley,sunday   ,7224894.1000
Abraham Bennet,monday   ,15203984.4600
Albert Ringer,monday   ,28015437.6300
Ann Dull,monday   ,2465335.0900
Anne Ringer,monday   ,2947721.4000
Burt Gringlesby,monday   ,7296737.6000
Charlene Locksley,monday   ,7851997.3500
Cheryl Carson,monday   ,4424715.8800
Dean Straight,monday   ,13754796.3000
Dirk Stringer,monday   ,49688624.7000
Heather McBadden,monday   ,22684005.0900
Innes del Castillo,monday   ,11386550.8800
Johnson White,monday   ,6304532.8550
Livia Karsen,monday   ,5111410.8400
Marjorie Green,monday   ,5913417.8000
Meander Smith,monday   ,3955133.1900
Michael O'Leary,monday   ,14761013.3100
Michel DeFrance,monday   ,38697597.2800
Morningstar Greene,monday   ,4546062.3500
Reginald Blotchet-Halls,monday   ,5952153.6000
Sheryl Hunter,monday   ,11731155.2000
Stearns MacFeather,monday   ,1115653.9400
Sylvia Panteley,monday   ,5106776.3000
Abraham Bennet,tuesday  ,18919714.5900
Albert Ringer,tuesday  ,30043969.5400
Ann Dull,tuesday  ,3085473.1000
Anne Ringer,tuesday  ,4118218.8000
Burt Gringlesby,tuesday  ,8046213.6000
Charlene Locksley,tuesday  ,5795678.3400
Cheryl Carson,tuesday  ,6309346.0800
Dean Straight,tuesday  ,11292149.1200
Dirk Stringer,tuesday  ,66801220.2000
Heather McBadden,tuesday  ,17828101.1200
Innes del Castillo,tuesday  ,16404610.6200
Johnson White,tuesday  ,7964950.3000
Livia Karsen,tuesday  ,17311693.9600
Marjorie Green,tuesday  ,6541172.7500
Meander Smith,tuesday  ,6837191.4600
Michael O'Leary,tuesday  ,7893315.4700
Michel DeFrance,tuesday  ,31890079.8800
Morningstar Greene,tuesday  ,3305851.4900
Reginald Blotchet-Halls,tuesday  ,7326648.8000
Sheryl Hunter,tuesday  ,9025829.7200
Stearns MacFeather,tuesday  ,2171032.5000
Sylvia Panteley,tuesday  ,3898298.2000
Abraham Bennet,wednesday,11087698.5600
Albert Ringer,wednesday,22133358.8900
Ann Dull,wednesday,2635401.9200
Anne Ringer,wednesday,2583058.6000
Burt Gringlesby,wednesday,9541358.4000
Charlene Locksley,wednesday,7104429.7500
Cheryl Carson,wednesday,4950929.0400
Dean Straight,wednesday,12743215.6600
Dirk Stringer,wednesday,30649711.9500
Heather McBadden,wednesday,18924861.0900
Innes del Castillo,wednesday,20255613.9000
Johnson White,wednesday,5890855.9700
Livia Karsen,wednesday,14388735.5300
Marjorie Green,wednesday,6272659.2500
Meander Smith,wednesday,3976774.5300
Michael O'Leary,wednesday,7920793.0700
Michel DeFrance,wednesday,31881323.3300
Morningstar Greene,wednesday,6022548.4100
Reginald Blotchet-Halls,wednesday,5166360.0000
Sheryl Hunter,wednesday,12104852.4200
Stearns MacFeather,wednesday,2147529.5000
Sylvia Panteley,wednesday,5078747.3000
Abraham Bennet,thursday ,15909813.7300
Albert Ringer,thursday ,25553930.6600
Ann Dull,thursday ,2832614.5800
Anne Ringer,thursday ,4602346.4000
Burt Gringlesby,thursday ,7312691.2000
Charlene Locksley,thursday ,6066453.3000
Cheryl Carson,thursday ,6044164.9200
Dean Straight,thursday ,14470694.8600
Dirk Stringer,thursday ,34726606.2000
Heather McBadden,thursday ,18237549.1800
Innes del Castillo,thursday ,13552260.6600
Johnson White,thursday ,5928119.2700
Livia Karsen,thursday ,11242086.0700
Marjorie Green,thursday ,5899630.3500
Meander Smith,thursday ,3689975.3400
Michael O'Leary,thursday ,15612606.1400
Michel DeFrance,thursday ,35059969.8200
Morningstar Greene,thursday ,5483560.5800
Reginald Blotchet-Halls,thursday ,6232797.6000
Sheryl Hunter,thursday ,15700522.8800
Stearns MacFeather,thursday ,1501965.8800
Sylvia Panteley,thursday ,5706656.9000
Abraham Bennet,friday   ,15688162.3600
Albert Ringer,friday   ,42404974.4300
Ann Dull,friday   ,2310511.6800
Anne Ringer,friday   ,2301173.2000
Burt Gringlesby,friday   ,9377480.0000
Charlene Locksley,friday   ,6865525.3200
Cheryl Carson,friday   ,4800560.2800
Dean Straight,friday   ,17244621.3600
Dirk Stringer,friday   ,69453212.4000
Heather McBadden,friday   ,9308707.0300
Innes del Castillo,friday   ,16974429.1500
Johnson White,friday   ,8851944.9000
Livia Karsen,friday   ,9794278.0300
Marjorie Green,friday   ,8199509.0500
Meander Smith,friday   ,4329244.9500
Michael O'Leary,friday   ,10512208.3600
Michel DeFrance,friday   ,35077657.6200
Morningstar Greene,friday   ,4413428.7500
Reginald Blotchet-Halls,friday   ,7188272.8000
Sheryl Hunter,friday   ,10486621.3000
Stearns MacFeather,friday   ,2351125.1200
Sylvia Panteley,friday   ,8665683.8000
Abraham Bennet,saturday ,15375995.2400
Albert Ringer,saturday ,29061032.9100
Ann Dull,saturday ,2749225.2000
Anne Ringer,saturday ,1813911.4000
Burt Gringlesby,saturday ,7074889.6000
Charlene Locksley,saturday ,8624803.0500
Cheryl Carson,saturday ,5136776.6600
Dean Straight,saturday ,11136247.2600
Dirk Stringer,saturday ,68978245.0500
Heather McBadden,saturday ,20766207.0900
Innes del Castillo,saturday ,16754785.5600
Johnson White,saturday ,8493385.2400
Livia Karsen,saturday ,10748881.3900
Marjorie Green,saturday ,6914534.7000
Meander Smith,saturday ,4285962.2700
Michael O'Leary,saturday ,12206234.8200
Michel DeFrance,saturday ,29950675.4300
Morningstar Greene,saturday ,4331296.9200
Reginald Blotchet-Halls,saturday ,6198860.0000
Sheryl Hunter,saturday ,9800535.7800
Stearns MacFeather,saturday ,1485325.7900
Sylvia Panteley,saturday ,8589635.8000
Abraham Bennet,sunday   ,15311395.9500
Albert Ringer,sunday   ,28737232.0500
Ann Dull,sunday   ,1987467.4500
Anne Ringer,sunday   ,2540102.8000
Burt Gringlesby,sunday   ,12109293.6000
Charlene Locksley,sunday   ,6628659.3300
Cheryl Carson,sunday   ,5029120.6600
Dean Straight,sunday   ,10217006.8600
Dirk Stringer,sunday   ,45361022.8500
Heather McBadden,sunday   ,21099203.1500
Innes del Castillo,sunday   ,11723357.1600
Johnson White,sunday   ,6795008.0800
Livia Karsen,sunday   ,11053794.7300
Marjorie Green,sunday   ,8661152.0500
Meander Smith,sunday   ,3720195.7200
Michael O'Leary,sunday   ,12197075.6200
Michel DeFrance,sunday   ,30175700.2900
Morningstar Greene,sunday   ,3626909.7200
Reginald Blotchet-Halls,sunday   ,4474582.4000
Sheryl Hunter,sunday   ,8621212.4600
Stearns MacFeather,sunday   ,2923629.0900
Sylvia Panteley,sunday   ,8044084.6000
Abraham Bennet,monday   ,13644722.4300
Albert Ringer,monday   ,21742840.8600
Ann Dull,monday   ,3271042.4900
Anne Ringer,monday   ,4081531.4000
Burt Gringlesby,monday   ,9467535.2000
Charlene Locksley,monday   ,8572282.4100
Cheryl Carson,monday   ,4821726.3400
Dean Straight,monday   ,11456382.3400
Dirk Stringer,monday   ,48013015.0500
Heather McBadden,monday   ,16826626.0300
Innes del Castillo,monday   ,22978404.6000
Johnson White,monday   ,6627160.6350
Livia Karsen,monday   ,10475774.0500
Marjorie Green,monday   ,4925531.0000
Meander Smith,monday   ,2317038.9300
Michael O'Leary,monday   ,6977608.2400
Michel DeFrance,monday   ,35118311.1200
Morningstar Greene,monday   ,4975161.5500
Reginald Blotchet-Halls,monday   ,9223236.8000
Sheryl Hunter,monday   ,10916068.1900
Stearns MacFeather,monday   ,2528071.0000
Sylvia Panteley,monday   ,8888208.1000
Abraham Bennet,tuesday  ,17427710.6200
Albert Ringer,tuesday  ,23718634.0300
Ann Dull,tuesday  ,3013414.9100
Anne Ringer,tuesday  ,4038575.6000
Burt Gringlesby,tuesday  ,7710285.6000
Charlene Locksley,tuesday  ,7580711.2800
Cheryl Carson,tuesday  ,5597665.9400
Dean Straight,tuesday  ,12845185.9200
Dirk Stringer,tuesday  ,55494024.3000
Heather McBadden,tuesday  ,16833797.0600
Innes del Castillo,tuesday  ,23368395.5100
Johnson White,tuesday  ,6829113.2550
Livia Karsen,tuesday  ,9212663.6600
Marjorie Green,tuesday  ,8354280.4500
Meander Smith,tuesday  ,4391927.3400
Michael O'Leary,tuesday  ,11308845.9900
Michel DeFrance,tuesday  ,22371653.5100
Morningstar Greene,tuesday  ,3888578.5200
Reginald Blotchet-Halls,tuesday  ,6610038.4000
Sheryl Hunter,tuesday  ,9014124.7400
Stearns MacFeather,tuesday  ,3212664.9900
Sylvia Panteley,tuesday  ,6569433.9000
Abraham Bennet,wednesday,17560172.2200
Albert Ringer,wednesday,34036059.5300
Ann Dull,wednesday,2305118.4600
Anne Ringer,wednesday,5291850.4000
Burt Gringlesby,wednesday,9047118.4000
Charlene Locksley,wednesday,9270384.0300
Cheryl Carson,wednesday,5654691.5000
Dean Straight,wednesday,9285846.3600
Dirk Stringer,wednesday,41006973.1500
Heather McBadden,wednesday,15713318.2400
Innes del Castillo,wednesday,17234860.8000
Johnson White,wednesday,4998943.5600
Livia Karsen,wednesday,11624807.1000
Marjorie Green,wednesday,5516484.3500
Meander Smith,wednesday,2531829.4800
Michael O'Leary,wednesday,10475571.5600
Michel DeFrance,wednesday,32952350.5900
Morningstar Greene,wednesday,4008391.3200
Reginald Blotchet-Halls,wednesday,5927368.8000
Sheryl Hunter,wednesday,8996860.5100
Stearns MacFeather,wednesday,1091103.2800
Sylvia Panteley,wednesday,6119984.9000
Abraham Bennet,thursday ,19367494.2400
Albert Ringer,thursday ,30937792.2100
Ann Dull,thursday ,2782102.8000
Anne Ringer,thursday ,2947721.4000
Burt Gringlesby,thursday ,6481966.4000
Charlene Locksley,thursday ,6808410.6900
Cheryl Carson,thursday ,3648395.6400
Dean Straight,thursday ,11001100.5800
Dirk Stringer,thursday ,50163592.0500
Heather McBadden,thursday ,28879130.1500
Innes del Castillo,thursday ,24248914.0500
Johnson White,thursday ,9140927.1700
Livia Karsen,thursday ,17248081.9600
Marjorie Green,thursday ,8083320.0500
Meander Smith,thursday ,5030449.7400
Michael O'Leary,thursday ,8708271.5000
Michel DeFrance,thursday ,39417569.6200
Morningstar Greene,thursday ,6726898.4700
Reginald Blotchet-Halls,thursday ,5406542.4000
Sheryl Hunter,thursday ,11239868.2300
Stearns MacFeather,thursday ,1495209.0800
Sylvia Panteley,thursday ,4032663.0000
Abraham Bennet,friday   ,14243700.6300
Albert Ringer,friday   ,27587804.5700
Ann Dull,friday   ,2453379.7400
Anne Ringer,friday   ,2420638.0000
Burt Gringlesby,friday   ,9033948.0000
Charlene Locksley,friday   ,8603641.8300
Cheryl Carson,friday   ,5622219.8800
Dean Straight,friday   ,12901240.0200
Dirk Stringer,friday   ,73081587.1500
Heather McBadden,friday   ,18790155.0900
Innes del Castillo,friday   ,19607135.5200
Johnson White,friday   ,7209033.8900
Livia Karsen,friday   ,14083822.1900
Marjorie Green,friday   ,7377401.1500
Meander Smith,friday   ,1934348.1300
Michael O'Leary,friday   ,7005085.8400
Michel DeFrance,friday   ,31555947.1500
Morningstar Greene,friday   ,6537856.2400
Reginald Blotchet-Halls,friday   ,5728959.2000
Sheryl Hunter,friday   ,9318709.7200
Stearns MacFeather,friday   ,2048343.1500
Sylvia Panteley,friday   ,4330758.1000
Abraham Bennet,saturday ,17027948.3500
Albert Ringer,saturday ,24009659.5200
Ann Dull,saturday ,2376552.4900
Anne Ringer,saturday ,4522703.2000
Burt Gringlesby,saturday ,7827427.2000
Charlene Locksley,saturday ,5507819.0400
Cheryl Carson,saturday ,4345382.3400
Dean Straight,saturday ,9688193.1200
Dirk Stringer,saturday ,48738690.0000
Heather McBadden,saturday ,23529386.2400
Innes del Castillo,saturday ,14835166.6800
Johnson White,saturday ,4441360.1150
Livia Karsen,saturday ,12611216.4600
Marjorie Green,saturday ,6593318.3000
Meander Smith,saturday ,3265496.2800
Michael O'Leary,saturday ,7014245.0400
Michel DeFrance,saturday ,25198479.4700
Morningstar Greene,saturday ,3482025.8900
Reginald Blotchet-Halls,saturday ,7372320.0000
Sheryl Hunter,saturday ,10748288.0200
Stearns MacFeather,saturday ,2583066.4700
Sylvia Panteley,saturday ,6689577.7000
Abraham Bennet,sunday   ,21066885.4000
Albert Ringer,sunday   ,28183503.5600
Ann Dull,sunday   ,2255828.5300
Anne Ringer,sunday   ,3796511.8000
Burt Gringlesby,sunday   ,6122302.4000
Charlene Locksley,sunday   ,7676322.8700
Cheryl Carson,sunday   ,5755571.7400
Dean Straight,sunday   ,14771134.6000
Dirk Stringer,sunday   ,79111246.5000
Heather McBadden,sunday   ,19618307.0600
Innes del Castillo,sunday   ,14303850.9900
Johnson White,sunday   ,8019463.1700
Livia Karsen,sunday   ,8950158.3200
Marjorie Green,sunday   ,5411968.9500
Meander Smith,sunday   ,2668014.9300
Michael O'Leary,sunday   ,7948270.6700
Michel DeFrance,sunday   ,38532270.2400
Morningstar Greene,sunday   ,6571522.4700
Reginald Blotchet-Halls,sunday   ,5591900.8000
Sheryl Hunter,sunday   ,7657560.3400
Stearns MacFeather,sunday   ,2987809.4100
Sylvia Panteley,sunday   ,5782735.8000
Abraham Bennet,monday   ,19671740.0800
Albert Ringer,monday   ,28254710.7300
Ann Dull,monday   ,2712202.7000
Anne Ringer,monday   ,3879289.2000
Burt Gringlesby,monday   ,8111965.6000
Charlene Locksley,monday   ,5128936.1400
Cheryl Carson,monday   ,6333900.0200
Dean Straight,monday   ,12918838.7200
Dirk Stringer,monday   ,63199293.3000
Heather McBadden,monday   ,19216564.1200
Innes del Castillo,monday   ,16716282.7200
Johnson White,monday   ,8032192.4350
Livia Karsen,monday   ,8169650.6100
Marjorie Green,monday   ,6826253.6500
Meander Smith,monday   ,3327431.4600
Michael O'Leary,monday   ,11336323.5900
Michel DeFrance,monday   ,37327638.1900
Morningstar Greene,monday   ,4072755.1500
Reginald Blotchet-Halls,monday   ,5372604.8000
Sheryl Hunter,monday   ,9684896.8600
Stearns MacFeather,monday   ,2338365.4100
Sylvia Panteley,monday   ,8247923.3000
Abraham Bennet,tuesday  ,21607321.2700
Albert Ringer,tuesday  ,19590167.4100
Ann Dull,tuesday  ,2189761.2500
Anne Ringer,tuesday  ,2055975.2000
Burt Gringlesby,tuesday  ,7731805.6000
Charlene Locksley,tuesday  ,6575116.4700
Cheryl Carson,tuesday  ,5000417.5600
Dean Straight,tuesday  ,13445558.8600
Dirk Stringer,tuesday  ,44635347.9000
Heather McBadden,tuesday  ,24765369.1800
Innes del Castillo,tuesday  ,18102641.7300
Johnson White,tuesday  ,5756965.2800
Livia Karsen,tuesday  ,673438.6800
Marjorie Green,tuesday  ,7362947.6000
Meander Smith,tuesday  ,3720195.7200
Michael O'Leary,tuesday  ,9651456.3300
Michel DeFrance,tuesday  ,28110091.0800
Morningstar Greene,tuesday  ,4991193.5500
Reginald Blotchet-Halls,tuesday  ,6382907.2000
Sheryl Hunter,tuesday  ,10567438.5200
Stearns MacFeather,tuesday  ,1965385.2600
Sylvia Panteley,tuesday  ,7498056.2000
Abraham Bennet,wednesday,20344916.9900
Albert Ringer,wednesday,38469653.6200
Ann Dull,wednesday,2092064.6900
Anne Ringer,wednesday,2423772.2000
Burt Gringlesby,wednesday,9806981.6000
Charlene Locksley,wednesday,6174561.2400
Cheryl Carson,wednesday,6512971.8800
Dean Straight,wednesday,15346593.3800
Dirk Stringer,wednesday,78385571.5500
Heather McBadden,wednesday,19474457.0600
Innes del Castillo,wednesday,25155538.8600
Johnson White,wednesday,5599162.1700
Livia Karsen,wednesday,4628808.1600
Marjorie Green,wednesday,6208282.7500
Meander Smith,wednesday,2690403.4800
Michael O'Leary,wednesday,9614819.5300
Michel DeFrance,wednesday,28470077.2500
Morningstar Greene,wednesday,2808792.6300
Reginald Blotchet-Halls,wednesday,6309822.4000
Sheryl Hunter,wednesday,8351449.1800
Stearns MacFeather,wednesday,2391676.0800
Sylvia Panteley,wednesday,4880710.9000
Abraham Bennet,thursday ,18885140.2800
Albert Ringer,thursday ,36722577.2800
Ann Dull,thursday ,2437538.6300
Anne Ringer,thursday ,3876155.0000
Burt Gringlesby,thursday ,6634255.2000
Charlene Locksley,thursday ,6251814.8700
Cheryl Carson,thursday ,6251559.2400
Dean Straight,thursday ,11568351.6400
Dirk Stringer,thursday ,62222910.7500
Heather McBadden,thursday ,17671717.1200
Innes del Castillo,thursday ,10880710.4100
Johnson White,thursday ,6029782.9900
Livia Karsen,thursday ,20682034.4500
Marjorie Green,thursday ,6003255.3500
Meander Smith,thursday ,2657194.2600
Michael O'Leary,thursday ,16528313.3700
Michel DeFrance,thursday ,37995312.7400
Morningstar Greene,thursday ,3608747.4900
Reginald Blotchet-Halls,thursday ,6512127.2000
Sheryl Hunter,thursday ,11050922.1700
Stearns MacFeather,thursday ,1920166.9700
Sylvia Panteley,thursday ,7372080.4000
Abraham Bennet,friday   ,22160506.6600
Albert Ringer,friday   ,33823705.7100
Ann Dull,friday   ,3298838.9500
Anne Ringer,friday   ,4568793.2000
Burt Gringlesby,friday   ,7198332.8000
Charlene Locksley,friday   ,8595993.1800
Cheryl Carson,friday   ,2962030.7200
Dean Straight,friday   ,8523071.9400
Dirk Stringer,friday   ,38354980.9500
Heather McBadden,friday   ,13259684.0600
Innes del Castillo,friday   ,15899401.2000
Johnson White,friday   ,10412557.8450
Livia Karsen,friday   ,5342110.1800
Marjorie Green,friday   ,6157136.3500
Meander Smith,friday   ,3720942.9300
Michael O'Leary,friday   ,10548845.1600
Michel DeFrance,friday   ,40102931.9700
Morningstar Greene,friday   ,4472252.7500
Reginald Blotchet-Halls,friday   ,6606098.4000
Sheryl Hunter,friday   ,10946988.2300
Stearns MacFeather,friday   ,2636996.6800
Sylvia Panteley,friday   ,7195051.4000
Abraham Bennet,saturday ,14674933.6500
Albert Ringer,saturday ,26821846.5200
Ann Dull,saturday ,2964124.9800
Anne Ringer,saturday ,3998754.0000
Burt Gringlesby,saturday ,5687234.4000
Charlene Locksley,saturday ,7637314.8000
Cheryl Carson,saturday ,4742773.4400
Dean Straight,saturday ,11404979.6400
Dirk Stringer,saturday ,56443959.0000
Heather McBadden,saturday ,19659611.1500
Innes del Castillo,saturday ,21163210.8000
Johnson White,saturday ,6605222.2250
Livia Karsen,saturday ,10748881.3900
Marjorie Green,saturday ,6657361.7500
Meander Smith,saturday ,4370286.0000
Michael O'Leary,saturday ,6977608.2400
Michel DeFrance,saturday ,41667550.1900
Morningstar Greene,saturday ,3510729.8900
Reginald Blotchet-Halls,saturday ,8026261.6000
Sheryl Hunter,saturday ,5844530.6700
Stearns MacFeather,saturday ,2270691.7800
Sylvia Panteley,saturday ,5889995.1000
Abraham Bennet,sunday   ,16587824.9700
Albert Ringer,sunday   ,20860615.3500
Ann Dull,sunday   ,2677479.0900
Anne Ringer,sunday   ,5533914.2000
Burt Gringlesby,sunday   ,9645608.0000
Charlene Locksley,sunday   ,6061865.3100
Cheryl Carson,sunday   ,5687163.1200
Dean Straight,sunday   ,14096844.1800
Dirk Stringer,sunday   ,32576029.2000
Heather McBadden,sunday   ,19910010.0900
Innes del Castillo,sunday   ,13332276.0300
Johnson White,sunday   ,5725852.1050
Livia Karsen,sunday   ,2713463.0900
Marjorie Green,sunday   ,8958796.9500
Meander Smith,sunday   ,4007742.1200
Michael O'Leary,sunday   ,13946057.2800
Michel DeFrance,sunday   ,32944950.5600
Morningstar Greene,sunday   ,4895256.5800
Reginald Blotchet-Halls,sunday   ,6273259.2000
Sheryl Hunter,sunday   ,10941135.7400
Stearns MacFeather,sunday   ,1358940.5200
Sylvia Panteley,sunday   ,7325397.9000
Abraham Bennet,monday   ,16509282.7600
Albert Ringer,monday   ,29910071.6600
Ann Dull,monday   ,2689772.9900
Anne Ringer,monday   ,1936510.4000
Burt Gringlesby,monday   ,9219624.8000
Charlene Locksley,monday   ,9729581.2200
Cheryl Carson,monday   ,6205077.9600
Dean Straight,monday   ,14515865.6600
Dirk Stringer,monday   ,52340616.9000
Heather McBadden,monday   ,24681656.1500
Innes del Castillo,monday   ,16247973.0000
Johnson White,monday   ,4546079.1250
Livia Karsen,monday   ,8981964.3200
Marjorie Green,monday   ,6401745.3000
Meander Smith,monday   ,3222213.6000
Michael O'Leary,monday   ,8744908.3000
Michel DeFrance,monday   ,30410247.3100
Morningstar Greene,monday   ,4132231.3200
Reginald Blotchet-Halls,monday   ,5380443.2000
Sheryl Hunter,monday   ,10293773.5800
Stearns MacFeather,monday   ,1513020.5400
Sylvia Panteley,monday   ,4866520.8000
Abraham Bennet,tuesday  ,16603819.1500
Albert Ringer,tuesday  ,30275814.7100
Ann Dull,tuesday  ,2859813.3500
Anne Ringer,tuesday  ,2947721.4000
Burt Gringlesby,tuesday  ,7396901.6000
Charlene Locksley,tuesday  ,5854831.4100
Cheryl Carson,tuesday  ,7460749.4400
Dean Straight,tuesday  ,12589649.2600
Dirk Stringer,tuesday  ,44635347.9000
Heather McBadden,tuesday  ,18141873.1800
Innes del Castillo,tuesday  ,17247257.3700
Johnson White,tuesday  ,7411751.3800
Livia Karsen,tuesday  ,10266278.7100
Marjorie Green,tuesday  ,9379301.9000
Meander Smith,tuesday  ,3615725.0700
Michael O'Leary,tuesday  ,17361587.8000
Michel DeFrance,tuesday  ,26310925.8400
Morningstar Greene,tuesday  ,4526580.7500
Reginald Blotchet-Halls,tuesday  ,5148099.2000
Sheryl Hunter,tuesday  ,11991164.3300
Stearns MacFeather,tuesday  ,2241089.3700
Sylvia Panteley,tuesday  ,6591629.7000
Abraham Bennet,wednesday,9907272.6800
Albert Ringer,wednesday,22902820.5900
Ann Dull,wednesday,2102512.5800
Anne Ringer,wednesday,3839467.6000
Burt Gringlesby,wednesday,9106568.8000
Charlene Locksley,wednesday,7792333.1700
Cheryl Carson,wednesday,4503668.7800
Dean Straight,wednesday,8449943.5400
Dirk Stringer,wednesday,30148296.7500
Heather McBadden,wednesday,14830291.2100
Innes del Castillo,wednesday,18311491.8900
Johnson White,wednesday,4354487.2500
Livia Karsen,wednesday,4565196.1600
Marjorie Green,wednesday,4977343.5000
Meander Smith,wednesday,4264320.9300
Michael O'Leary,wednesday,7884156.2700
Michel DeFrance,wednesday,39985658.4600
Morningstar Greene,wednesday,8726917.9600
Reginald Blotchet-Halls,wednesday,3973328.0000
Sheryl Hunter,wednesday,9969973.5400
Stearns MacFeather,wednesday,1773296.4300
Sylvia Panteley,wednesday,7619568.6000
Abraham Bennet,thursday ,10042842.8700
Albert Ringer,thursday ,20766573.5400
Ann Dull,thursday ,3045694.8200
Anne Ringer,thursday ,5696334.8000
Burt Gringlesby,thursday ,9006404.8000
Charlene Locksley,thursday ,6174561.2400
Cheryl Carson,thursday ,3823698.9800
Dean Straight,thursday ,13889363.8200
Dirk Stringer,thursday ,39555623.2500
Heather McBadden,thursday ,16101490.2100
Innes del Castillo,thursday ,17027613.7800
Johnson White,thursday ,7237959.4800
Livia Karsen,thursday ,10454570.0500
Marjorie Green,thursday ,5773657.3000
Meander Smith,thursday ,6528750.9300
Michael O'Leary,thursday ,12178757.2200
Michel DeFrance,thursday ,40847992.1400
Morningstar Greene,thursday ,3607996.1200
Reginald Blotchet-Halls,thursday ,7569412.0000
Sheryl Hunter,thursday ,11704136.8200
Stearns MacFeather,thursday ,1209563.0300
Sylvia Panteley,thursday ,7036646.2000
Abraham Bennet,friday   ,19036185.7500
Albert Ringer,friday   ,26226218.9300
Ann Dull,friday   ,2233710.9000
Anne Ringer,friday   ,4439925.8000
Burt Gringlesby,friday   ,6703814.4000
Charlene Locksley,friday   ,5983589.4600
Cheryl Carson,friday   ,7714244.4000
Dean Straight,friday   ,15440949.4200
Dirk Stringer,friday   ,34502346.4500
Heather McBadden,friday   ,15242538.0900
Innes del Castillo,friday   ,22031963.8200
Johnson White,friday   ,6767066.1000
Livia Karsen,friday   ,14598230.8700
Marjorie Green,friday   ,6131675.3000
Meander Smith,friday   ,2924593.7400
Michael O'Leary,friday   ,7041722.6400
Michel DeFrance,friday   ,36297855.3400
Morningstar Greene,friday   ,3036425.8900
Reginald Blotchet-Halls,friday   ,6281097.6000
Sheryl Hunter,friday   ,8931356.6900
Stearns MacFeather,friday   ,1235795.8400
Sylvia Panteley,friday   ,8815193.1000
Abraham Bennet,saturday ,16454101.8000
Albert Ringer,saturday ,20471624.2800
Ann Dull,saturday ,2701130.6500
Anne Ringer,saturday ,3876155.0000
Burt Gringlesby,saturday ,7440398.4000
Charlene Locksley,saturday ,6623049.1200
Cheryl Carson,saturday ,6301428.4000
Dean Straight,saturday ,10952102.2200
Dirk Stringer,saturday ,56918926.3500
Heather McBadden,saturday ,22401457.1200
Innes del Castillo,saturday ,16171257.3300
Johnson White,saturday ,5667716.2800
Livia Karsen,saturday ,21008151.7900
Marjorie Green,saturday ,4578187.4500
Meander Smith,saturday ,4166316.1200
Michael O'Leary,saturday ,9614819.5300
Michel DeFrance,saturday ,28461320.7000
Morningstar Greene,saturday ,5711895.6100
Reginald Blotchet-Halls,saturday ,6794085.6000
Sheryl Hunter,saturday ,8442020.5500
Stearns MacFeather,saturday ,1893787.5500
Sylvia Panteley,saturday ,5516594.1000
Abraham Bennet,sunday   ,12096793.0300
Albert Ringer,sunday   ,31030883.8000
Ann Dull,sunday   ,2519706.1600
Anne Ringer,sunday   ,3551313.8000
Burt Gringlesby,sunday   ,7868140.8000
Charlene Locksley,sunday   ,5829587.3100
Cheryl Carson,sunday   ,4349912.1400
Dean Straight,sunday   ,13603649.2800
Dirk Stringer,sunday   ,48962949.7500
Heather McBadden,sunday   ,16690650.2700
Innes del Castillo,sunday   ,27101264.0100
Johnson White,sunday   ,8991390.7000
Livia Karsen,sunday   ,14452347.5300
Marjorie Green,sunday   ,9673833.8000
Meander Smith,sunday   ,1934348.1300
Michael O'Leary,sunday   ,9569023.5300
Michel DeFrance,sunday   ,35135998.9200
Morningstar Greene,sunday   ,6506739.4400
Reginald Blotchet-Halls,sunday   ,5257747.2000
Sheryl Hunter,sunday   ,8339744.2000
Stearns MacFeather,sunday   ,2230856.8600
Sylvia Panteley,sunday   ,8452502.9000
Abraham Bennet,monday   ,15735722.4600
Albert Ringer,monday   ,25456685.8300
Ann Dull,monday   ,2954301.2500
Anne Ringer,monday   ,2907899.8000
Burt Gringlesby,monday   ,5394803.2000
Charlene Locksley,monday   ,6501939.7200
Cheryl Carson,monday   ,6205839.2400
Dean Straight,monday   ,11789376.3200
Dirk Stringer,monday   ,28472687.1000
Heather McBadden,monday   ,19061597.1500
Innes del Castillo,monday   ,22771157.5800
Johnson White,monday   ,7958762.3700
Livia Karsen,monday   ,8928954.3200
Marjorie Green,monday   ,8197952.5500
Meander Smith,monday   ,3764225.6100
Michael O'Leary,monday   ,10438934.7600
Michel DeFrance,monday   ,29515425.7700
Morningstar Greene,monday   ,7024879.2700
Reginald Blotchet-Halls,monday   ,5755058.4000
Sheryl Hunter,monday   ,10956449.1400
Stearns MacFeather,monday   ,2083493.1400
Sylvia Panteley,monday   ,6689100.5000
Abraham Bennet,tuesday  ,14224105.1100
Albert Ringer,tuesday  ,16727383.7000
Ann Dull,tuesday  ,2672736.5000
Anne Ringer,tuesday  ,2901631.4000
Burt Gringlesby,tuesday  ,8081360.8000
Charlene Locksley,tuesday  ,8298446.7900
Cheryl Carson,tuesday  ,3073455.2400
Dean Straight,tuesday  ,9466457.4200
Dirk Stringer,tuesday  ,40532005.8000
Heather McBadden,tuesday  ,13461164.2400
Innes del Castillo,tuesday  ,23145835.6500
Johnson White,tuesday  ,6124507.4400
Livia Karsen,tuesday  ,8950158.3200
Marjorie Green,tuesday  ,7259988.7000
Meander Smith,tuesday  ,4721262.0000
Michael O'Leary,tuesday  ,5338536.9800
Michel DeFrance,tuesday  ,24973454.6100
Morningstar Greene,tuesday  ,3253740.4600
Reginald Blotchet-Halls,tuesday  ,8562764.8000
Sheryl Hunter,tuesday  ,9891107.1500
Stearns MacFeather,tuesday  ,2485934.3900
Sylvia Panteley,tuesday  ,7478925.5000
Abraham Bennet,wednesday,17103206.9500
Albert Ringer,wednesday,34870028.7700
Ann Dull,wednesday,3265051.5800
Anne Ringer,wednesday,2016153.6000
Burt Gringlesby,wednesday,6598084.0000
Charlene Locksley,wednesday,6064414.8600
Cheryl Carson,wednesday,4735997.6800
Dean Straight,wednesday,10345486.3400
Dirk Stringer,wednesday,45835990.2000
Heather McBadden,wednesday,23924371.3000
Innes del Castillo,wednesday,17338313.7900
Johnson White,wednesday,8920670.3000
Livia Karsen,wednesday,14179240.1900
Marjorie Green,wednesday,6787005.1500
Meander Smith,wednesday,2616153.2100
Michael O'Leary,wednesday,9614819.5300
Michel DeFrance,wednesday,35905381.3100
Morningstar Greene,wednesday,3538816.2900
Reginald Blotchet-Halls,wednesday,7645125.6000
Sheryl Hunter,wednesday,11937365.4900
Stearns MacFeather,wednesday,2122999.0900
Sylvia Panteley,wednesday,7224449.0000
Abraham Bennet,thursday ,13661615.0000
Albert Ringer,thursday ,32013427.1000
Ann Dull,thursday ,2624017.7900
Anne Ringer,thursday ,4522703.2000
Burt Gringlesby,thursday ,6770590.4000
Charlene Locksley,thursday ,7078169.4300
Cheryl Carson,thursday ,6201309.4400
Dean Straight,thursday ,13019121.7800
Dirk Stringer,thursday ,36428663.7000
Heather McBadden,thursday ,10899019.2100
Innes del Castillo,thursday ,17805651.4200
Johnson White,thursday ,7404049.1050
Livia Karsen,thursday ,8236856.3000
Marjorie Green,thursday ,8916435.4500
Meander Smith,thursday ,4071171.7200
Michael O'Leary,thursday ,6968449.0400
Michel DeFrance,thursday ,34950861.9500
Morningstar Greene,thursday ,4578076.7500
Reginald Blotchet-Halls,thursday ,5775944.8000
Sheryl Hunter,thursday ,8908239.9700
Stearns MacFeather,thursday ,900904.5100
Sylvia Panteley,thursday ,6245483.5000
Abraham Bennet,friday   ,19424100.4900
Albert Ringer,friday   ,27369093.0900
Ann Dull,friday   ,2475185.2900
Anne Ringer,friday   ,3876155.0000
Burt Gringlesby,friday   ,9451581.6000
Charlene Locksley,friday   ,5107263.8100
Cheryl Carson,friday   ,6102332.4000
Dean Straight,friday   ,9310313.9200
Dirk Stringer,friday   ,37629306.0000
Heather McBadden,friday   ,20863702.2100
Innes del Castillo,friday   ,19453414.1700
Johnson White,friday   ,6243155.5150
Livia Karsen,friday   ,14264056.1900
Marjorie Green,friday   ,5041053.9000
Meander Smith,friday   ,5071490.7900
Michael O'Leary,friday   ,9623978.7300
Michel DeFrance,friday   ,37375691.7200
Morningstar Greene,friday   ,4716619.7800
Reginald Blotchet-Halls,friday   ,6594364.8000
Sheryl Hunter,friday   ,11428521.0500
Stearns MacFeather,friday   ,1280808.8700
Sylvia Panteley,friday   ,6882227.2000
Abraham Bennet,saturday ,13941920.8800
Albert Ringer,saturday ,21821393.0100
Ann Dull,saturday ,3128798.5900
Anne Ringer,saturday ,2662701.8000
Burt Gringlesby,saturday ,6462772.8000
Charlene Locksley,saturday ,7392289.0500
Cheryl Carson,saturday ,6985166.7200
Dean Straight,saturday ,16832765.4000
Dirk Stringer,saturday ,39331363.5000
Heather McBadden,saturday ,17366856.2700
Innes del Castillo,saturday ,12850597.6500
Johnson White,saturday ,5911913.6050
Livia Karsen,saturday ,2347482.4100
Marjorie Green,saturday ,5232626.9000
Meander Smith,saturday ,2648615.2200
Michael O'Leary,saturday ,8735749.1000
Michel DeFrance,saturday ,40087366.3000
Morningstar Greene,saturday ,3911420.1200
Reginald Blotchet-Halls,saturday ,8193362.4000
Sheryl Hunter,saturday ,12293798.4800
Stearns MacFeather,saturday ,1549012.9300
Sylvia Panteley,saturday ,8232301.6000
Abraham Bennet,sunday   ,20147122.4500
Albert Ringer,sunday   ,26172998.6800
Ann Dull,sunday   ,2152426.6700
Anne Ringer,sunday   ,3670778.6000
Burt Gringlesby,sunday   ,4517341.6000
Charlene Locksley,sunday   ,5317358.3700
Cheryl Carson,sunday   ,7449443.8800
Dean Straight,sunday   ,14816544.2200
Dirk Stringer,sunday   ,57644601.3000
Heather McBadden,sunday   ,17251073.1500
Innes del Castillo,sunday   ,16351425.9900
Johnson White,sunday   ,4086606.3350
Livia Karsen,sunday   ,8205050.3000
Marjorie Green,sunday   ,5143455.4500
Meander Smith,sunday   ,4679473.7400
Michael O'Leary,sunday   ,7920793.0700
Michel DeFrance,sunday   ,29472650.1400
Morningstar Greene,sunday   ,5788118.0100
Reginald Blotchet-Halls,sunday   ,7680374.4000
Sheryl Hunter,sunday   ,13814241.3900
Stearns MacFeather,sunday   ,1703588.7800
Sylvia Panteley,sunday   ,7122513.6000
Abraham Bennet,monday   ,14425997.1700
Albert Ringer,monday   ,14698449.2100
Ann Dull,monday   ,2322181.4200
Anne Ringer,monday   ,3677047.0000
Burt Gringlesby,monday   ,6562936.8000
Charlene Locksley,monday   ,6548345.0400
Cheryl Carson,monday   ,5315087.2400
Dean Straight,monday   ,11365372.4800
Dirk Stringer,monday   ,43909672.9500
Heather McBadden,monday   ,15195961.3000
Innes del Castillo,monday   ,16573013.7600
Johnson White,monday   ,4928814.1250
Livia Karsen,monday   ,10245074.7100
Marjorie Green,monday   ,5207831.9500
Meander Smith,monday   ,5102458.3800
Michael O'Leary,monday   ,7014245.0400
Michel DeFrance,monday   ,27148171.6900
Morningstar Greene,monday   ,3690978.5200
Reginald Blotchet-Halls,monday   ,7530268.0000
Sheryl Hunter,monday   ,8732949.7200
Stearns MacFeather,monday   ,2233034.8400
Sylvia Panteley,monday   ,5845454.2000
Abraham Bennet,tuesday  ,12264088.9500
Albert Ringer,tuesday  ,37916239.8000
Ann Dull,tuesday  ,2810809.0300
Anne Ringer,tuesday  ,3309250.0000
Burt Gringlesby,tuesday  ,8633570.4000
Charlene Locksley,tuesday  ,5290586.9400
Cheryl Carson,tuesday  ,4817957.8200
Dean Straight,tuesday  ,12359677.1600
Dirk Stringer,tuesday  ,46561665.1500
Heather McBadden,tuesday  ,20795300.1500
Innes del Castillo,tuesday  ,14756847.8700
Johnson White,tuesday  ,8834682.6900
Livia Karsen,tuesday  ,6342715.2300
Marjorie Green,tuesday  ,10163717.8000
Meander Smith,tuesday  ,4752229.5900
Michael O'Leary,tuesday  ,6135174.6100
Michel DeFrance,tuesday  ,40170795.4300
Morningstar Greene,tuesday  ,6684156.0700
Reginald Blotchet-Halls,tuesday  ,7235258.4000
Sheryl Hunter,tuesday  ,13627246.1600
Stearns MacFeather,tuesday  ,2008751.3400
Sylvia Panteley,tuesday  ,7301419.3000
Abraham Bennet,wednesday,13792675.3400
Albert Ringer,wednesday,32101947.2700
Ann Dull,wednesday,2695763.9000
Anne Ringer,wednesday,3149963.6000
Burt Gringlesby,wednesday,10466402.4000
Charlene Locksley,wednesday,8459075.3700
Cheryl Carson,wednesday,4635117.4400
Dean Straight,wednesday,12855372.0600
Dirk Stringer,wednesday,31850354.2500
Heather McBadden,wednesday,17306539.1200
Innes del Castillo,wednesday,18687142.0500
Johnson White,wednesday,6404159.7200
Livia Karsen,wednesday,10255676.7100
Marjorie Green,wednesday,6093983.3000
Meander Smith,wednesday,3308031.7500
Michael O'Leary,wednesday,7032563.4400
Michel DeFrance,wednesday,17948312.3800
Morningstar Greene,wednesday,2068991.0300
Reginald Blotchet-Halls,wednesday,7270510.4000
Sheryl Hunter,wednesday,9322611.3800
Stearns MacFeather,wednesday,1648672.2100
Sylvia Panteley,wednesday,6225906.5000
Abraham Bennet,thursday ,18319610.8000
Albert Ringer,thursday ,28476422.3000
Ann Dull,thursday ,2234620.6700
Anne Ringer,thursday ,3630957.0000
Burt Gringlesby,thursday ,8143594.4000
Charlene Locksley,thursday ,7477702.4400
Cheryl Carson,thursday ,6898296.1400
Dean Straight,thursday ,14929012.0600
Dirk Stringer,thursday ,42207615.4500
Heather McBadden,thursday ,22341241.2100
Innes del Castillo,thursday ,18181301.5800
Johnson White,thursday ,5620749.7900
Livia Karsen,thursday ,8751264.9800
Marjorie Green,thursday ,6193271.8500
Meander Smith,thursday ,2603838.1200
Michael O'Leary,thursday ,6162652.2100
Michel DeFrance,thursday ,28920892.5800
Morningstar Greene,thursday ,5171491.7800
Reginald Blotchet-Halls,thursday ,7138658.4000
Sheryl Hunter,thursday ,11234015.7400
Stearns MacFeather,thursday ,1567317.5700
Sylvia Panteley,thursday ,7812218.1000
Abraham Bennet,friday   ,16393279.1100
Albert Ringer,friday   ,21977012.9200
Ann Dull,friday   ,2947062.0200
Anne Ringer,friday   ,5371493.6000
Burt Gringlesby,friday   ,6058309.6000
Charlene Locksley,friday   ,7047315.1200
Cheryl Carson,friday   ,4038630.3400
Dean Straight,friday   ,11428571.4200
Dirk Stringer,friday   ,58845243.6000
Heather McBadden,friday   ,16117357.1200
Innes del Castillo,friday   ,17752466.7900
Johnson White,friday   ,7663370.8150
Livia Karsen,friday   ,14211046.1900
Marjorie Green,friday   ,6131675.3000
Meander Smith,friday   ,5051343.8700
Michael O'Leary,friday   ,11345482.7900
Michel DeFrance,friday   ,30770233.4800
Morningstar Greene,friday   ,2953676.4600
Reginald Blotchet-Halls,friday   ,7599454.4000
Sheryl Hunter,friday   ,10758042.1700
Stearns MacFeather,friday   ,2209182.6200
Sylvia Panteley,friday   ,6535635.9000
Abraham Bennet,saturday ,14873160.9700
Albert Ringer,saturday ,22810546.2500
Ann Dull,saturday ,2507724.3400
Anne Ringer,saturday ,3597403.8000
Burt Gringlesby,saturday ,8075794.4000
Charlene Locksley,saturday ,8152604.4000
Cheryl Carson,saturday ,4743154.0800
Dean Straight,saturday ,12712366.4800
Dirk Stringer,saturday ,61022268.4500
Heather McBadden,saturday ,18556996.1200
Innes del Castillo,saturday ,13487310.5100
Johnson White,saturday ,6823514.4250
Livia Karsen,saturday ,11525795.4100
Marjorie Green,saturday ,6477129.3000
Meander Smith,saturday ,6476142.0000
Michael O'Leary,saturday ,9605660.3300
Michel DeFrance,saturday ,25182913.8000
Morningstar Greene,saturday ,6392885.6700
Reginald Blotchet-Halls,saturday ,8513153.6000
Sheryl Hunter,saturday ,10270656.8600
Stearns MacFeather,saturday ,1815881.4100
Sylvia Panteley,saturday ,4041052.0000
Abraham Bennet,sunday   ,21347937.4800
Albert Ringer,sunday   ,19176578.9600
Ann Dull,sunday   ,2030766.4700
Anne Ringer,sunday   ,4360282.6000
Burt Gringlesby,sunday   ,7253240.8000
Charlene Locksley,sunday   ,6520551.3900
Cheryl Carson,sunday   ,4847041.5600
Dean Straight,sunday   ,11637356.0800
Dirk Stringer,sunday   ,36903631.0500
Heather McBadden,sunday   ,11075161.0300
Innes del Castillo,sunday   ,19619873.1300
Johnson White,sunday   ,5108511.9250
Livia Karsen,sunday   ,16850295.2800
Marjorie Green,sunday   ,8710741.9500
Meander Smith,sunday   ,3233034.2700
Michael O'Leary,sunday   ,9623978.7300
Michel DeFrance,sunday   ,36665241.5400
Morningstar Greene,sunday   ,3687481.8900
Reginald Blotchet-Halls,sunday   ,6035702.4000
Sheryl Hunter,sunday   ,11135641.0500
Stearns MacFeather,sunday   ,2144324.1100
Sylvia Panteley,sunday   ,8478835.4000
Abraham Bennet,monday   ,9932043.0500
Albert Ringer,monday   ,26993333.4100
Ann Dull,monday   ,3073179.2000
Anne Ringer,monday   ,4118218.8000
Burt Gringlesby,monday   ,9049901.6000
Charlene Locksley,monday   ,5268914.6100
Cheryl Carson,monday   ,5936889.5600
Dean Straight,monday   ,10529994.0600
Dirk Stringer,monday   ,67051927.8000
Heather McBadden,monday   ,26181677.1500
Innes del Castillo,monday   ,16339660.4700
Johnson White,monday   ,9958600.9250
Livia Karsen,monday   ,5015992.8400
Marjorie Green,monday   ,8020500.0500
Meander Smith,monday   ,3616472.2800
Michael O'Leary,monday   ,13891102.0800
Michel DeFrance,monday   ,31028511.8100
Morningstar Greene,monday   ,4449411.1500
Reginald Blotchet-Halls,monday   ,8353894.4000
Sheryl Hunter,monday   ,9359145.9900
Stearns MacFeather,monday   ,1519061.3000
Sylvia Panteley,monday   ,8072050.6000
Abraham Bennet,tuesday  ,20029446.9000
Albert Ringer,tuesday  ,20062424.8500
Ann Dull,tuesday  ,2168241.3100
Anne Ringer,tuesday  ,4363416.8000
Burt Gringlesby,tuesday  ,9109352.0000
Charlene Locksley,tuesday  ,6144729.1500
Cheryl Carson,tuesday  ,5369105.5600
Dean Straight,tuesday  ,14244740.2400
Dirk Stringer,tuesday  ,64874902.9500
Heather McBadden,tuesday  ,16687060.2100
Innes del Castillo,tuesday  ,15548254.1700
Johnson White,tuesday  ,7596476.1700
Livia Karsen,tuesday  ,12086205.7800
Marjorie Green,tuesday  ,8467689.5000
Meander Smith,tuesday  ,3935733.4800
Michael O'Leary,tuesday  ,8772385.9000
Michel DeFrance,tuesday  ,34165148.2800
Morningstar Greene,tuesday  ,4051661.7200
Reginald Blotchet-Halls,tuesday  ,4051667.2000
Sheryl Hunter,tuesday  ,11998967.6500
Stearns MacFeather,tuesday  ,2545533.2400
Sylvia Panteley,tuesday  ,7705850.2000
Abraham Bennet,wednesday,12599948.3900
Albert Ringer,wednesday,30008010.9400
Ann Dull,wednesday,2717257.3700
Anne Ringer,wednesday,3146829.4000
Burt Gringlesby,wednesday,5662931.2000
Charlene Locksley,wednesday,7106468.1900
Cheryl Carson,wednesday,5845068.9200
Dean Straight,wednesday,16759017.6400
Dirk Stringer,wednesday,39555623.2500
Heather McBadden,wednesday,26011432.1200
Innes del Castillo,wednesday,12306885.3900
Johnson White,wednesday,7627867.9500
Livia Karsen,wednesday,14356929.5300
Marjorie Green,wednesday,5708057.3500
Meander Smith,wednesday,3997668.6600
Michael O'Leary,wednesday,9550705.1300
Michel DeFrance,wednesday,34767847.1100
Morningstar Greene,wednesday,5013653.3800
Reginald Blotchet-Halls,wednesday,5748534.4000
Sheryl Hunter,wednesday,10401609.1800
Stearns MacFeather,wednesday,926790.7500
Sylvia Panteley,wednesday,4939058.6000
Abraham Bennet,thursday ,19373427.5200
Albert Ringer,thursday ,40106741.2700
Ann Dull,thursday ,2486855.0300
Anne Ringer,thursday ,3915976.6000
Burt Gringlesby,thursday ,6276072.0000
Charlene Locksley,thursday ,6193172.9100
Cheryl Carson,thursday ,4921845.3000
Dean Straight,thursday ,11270478.1800
Dirk Stringer,thursday ,58146016.5000
Heather McBadden,thursday ,25799861.1500
Innes del Castillo,thursday ,19504654.6200
Johnson White,thursday ,8091554.6600
Livia Karsen,thursday ,12096807.7800
Marjorie Green,thursday ,5526268.4000
Meander Smith,thursday ,4103633.7300
Michael O'Leary,thursday ,6135174.6100
Michel DeFrance,thursday ,32785667.0300
Morningstar Greene,thursday ,4641148.7500
Reginald Blotchet-Halls,thursday ,6068325.6000
Sheryl Hunter,thursday ,11937365.4900
Stearns MacFeather,thursday ,1070764.6200
Sylvia Panteley,thursday ,3129777.6000
Abraham Bennet,friday   ,18453242.9700
Albert Ringer,friday   ,20830150.3700
Ann Dull,friday   ,2751044.7400
Anne Ringer,friday   ,3670778.6000
Burt Gringlesby,friday   ,6909708.8000
Charlene Locksley,friday   ,7236248.4600
Cheryl Carson,friday   ,5236514.9800
Dean Straight,friday   ,13483406.2000
Dirk Stringer,friday   ,50414299.6500
Heather McBadden,friday   ,18008850.0900
Innes del Castillo,friday   ,8974460.1900
Johnson White,friday   ,6289168.2950
Livia Karsen,friday   ,24432372.2400
Marjorie Green,friday   ,4757529.5000
Meander Smith,friday   ,3625798.5300
Michael O'Leary,friday   ,11281368.3900
Michel DeFrance,friday   ,39627794.4200
Morningstar Greene,friday   ,5039426.1800
Reginald Blotchet-Halls,friday   ,5796831.2000
Sheryl Hunter,friday   ,13234040.6400
Stearns MacFeather,friday   ,1826463.1400
Sylvia Panteley,friday   ,3521833.3000
Abraham Bennet,saturday ,11152562.9100
Albert Ringer,saturday ,28232645.2100
Ann Dull,saturday ,2442619.7700
Anne Ringer,saturday ,3958932.4000
Burt Gringlesby,saturday ,9537094.4000
Charlene Locksley,saturday ,6811471.3500
Cheryl Carson,saturday ,5057062.4800
Dean Straight,saturday ,11858311.6600
Dirk Stringer,saturday ,35702988.7500
Heather McBadden,saturday ,23217666.2700
Innes del Castillo,saturday ,19917835.5300
Johnson White,saturday ,5853452.0300
Livia Karsen,saturday ,5069002.8400
Marjorie Green,saturday ,8429107.1000
Meander Smith,saturday ,3658260.5400
Michael O'Leary,saturday ,7142473.8400
Michel DeFrance,saturday ,34114972.6200
Morningstar Greene,saturday ,4308651.1500
Reginald Blotchet-Halls,saturday ,5816409.6000
Sheryl Hunter,saturday ,12394124.0000
Stearns MacFeather,saturday ,1740547.2800
Sylvia Panteley,saturday ,4239565.6000
Abraham Bennet,sunday   ,16908574.7700
Albert Ringer,sunday   ,24462883.8000
Ann Dull,sunday   ,2048141.5100
Anne Ringer,sunday   ,3107007.8000
Burt Gringlesby,sunday   ,7891141.6000
Charlene Locksley,sunday   ,5770945.3500
Cheryl Carson,sunday   ,4614712.6600
Dean Straight,sunday   ,10474760.9800
Dirk Stringer,sunday   ,51139974.6000
Heather McBadden,sunday   ,23060992.2100
Innes del Castillo,sunday   ,20034998.2200
Johnson White,sunday   ,4247426.1800
Livia Karsen,sunday   ,12065001.7800
Marjorie Green,sunday   ,8532066.0000
Meander Smith,sunday   ,4987914.2700
Michael O'Leary,sunday   ,6199289.0100
Michel DeFrance,sunday   ,22038111.6900
Morningstar Greene,sunday   ,4416310.3500
Reginald Blotchet-Halls,sunday   ,4458905.6000
Sheryl Hunter,sunday   ,10389904.2000
Stearns MacFeather,sunday   ,1732125.9300
Sylvia Panteley,sunday   ,8598979.2000
Abraham Bennet,monday   ,19081230.5200
Albert Ringer,monday   ,21975271.5200
Ann Dull,monday   ,2810496.9500
Anne Ringer,monday   ,3392027.4000
Burt Gringlesby,monday   ,8707672.0000
Charlene Locksley,monday   ,8144955.7500
Cheryl Carson,monday   ,2551771.8800
Dean Straight,monday   ,10724538.2000
Dirk Stringer,monday   ,53066291.8500
Heather McBadden,monday   ,20404419.0900
Innes del Castillo,monday   ,14394907.4100
Johnson White,monday   ,5077972.4550
Livia Karsen,monday   ,7392736.5900
Marjorie Green,monday   ,7173264.1500
Meander Smith,monday   ,5052091.0800
Michael O'Leary,monday   ,5347696.1800
Michel DeFrance,monday   ,33563215.0600
Morningstar Greene,monday   ,5105010.1800
Reginald Blotchet-Halls,monday   ,9520827.2000
Sheryl Hunter,monday   ,9964121.0500
Stearns MacFeather,monday   ,2399234.7800
Sylvia Panteley,monday   ,7928405.4000
Abraham Bennet,tuesday  ,13162307.1600
Albert Ringer,tuesday  ,34051169.1600
Ann Dull,tuesday  ,3259034.2000
Anne Ringer,tuesday  ,4200996.2000
Burt Gringlesby,tuesday  ,8372768.0000
Charlene Locksley,tuesday  ,8382837.9600
Cheryl Carson,tuesday  ,3306164.7800
Dean Straight,tuesday  ,10576319.6600
Dirk Stringer,tuesday  ,46561665.1500
Heather McBadden,tuesday  ,20339486.1500
Innes del Castillo,tuesday  ,26697904.4400
Johnson White,tuesday  ,4170996.6400
Livia Karsen,tuesday  ,14672444.8700
Marjorie Green,tuesday  ,8315365.0000
Meander Smith,tuesday  ,4475503.8600
Michael O'Leary,tuesday  ,7014245.0400
Michel DeFrance,tuesday  ,32827677.0500
Morningstar Greene,tuesday  ,2879018.8600
Reginald Blotchet-Halls,tuesday  ,5447004.0000
Sheryl Hunter,tuesday  ,9214775.7800
Stearns MacFeather,tuesday  ,2128177.2000
Sylvia Panteley,tuesday  ,6824418.5000
Abraham Bennet,wednesday,13280201.8700
Albert Ringer,wednesday,24858998.1500
Ann Dull,wednesday,1839830.3300
Anne Ringer,wednesday,2861809.8000
Burt Gringlesby,wednesday,8107423.2000
Charlene Locksley,wednesday,7746950.0700
Cheryl Carson,wednesday,3720192.1400
Dean Straight,wednesday,11774409.4800
Dirk Stringer,wednesday,48237274.8000
Heather McBadden,wednesday,15305197.2100
Innes del Castillo,wednesday,19373151.1800
Johnson White,wednesday,5735002.1350
Livia Karsen,wednesday,16198060.6000
Marjorie Green,wednesday,7273776.1500
Meander Smith,wednesday,4082739.6000
Michael O'Leary,wednesday,9587341.9300
Michel DeFrance,wednesday,26755697.6600
Morningstar Greene,wednesday,5342272.5800
Reginald Blotchet-Halls,wednesday,4936641.6000
Sheryl Hunter,wednesday,10392148.2700
Stearns MacFeather,wednesday,1209909.6000
Sylvia Panteley,wednesday,8443191.6000
Abraham Bennet,thursday ,13635252.4300
Albert Ringer,thursday ,26312659.7200
Ann Dull,thursday ,2546592.8500
Anne Ringer,thursday ,5049786.6000
Burt Gringlesby,thursday ,9044335.2000
Charlene Locksley,thursday ,7612581.8100
Cheryl Carson,thursday ,4009927.2400
Dean Straight,thursday ,16703637.6600
Dirk Stringer,thursday ,60771560.8500
Heather McBadden,thursday ,18692829.0900
Innes del Castillo,thursday ,27022945.2000
Johnson White,thursday ,5573859.5350
Livia Karsen,thursday ,17272879.6500
Marjorie Green,thursday ,6156803.3000
Meander Smith,thursday ,2689656.2700
Michael O'Leary,thursday ,7050881.8400
Michel DeFrance,thursday ,36733105.0000
Morningstar Greene,thursday ,3832120.2900
Reginald Blotchet-Halls,thursday ,6016130.4000
Sheryl Hunter,thursday ,5910034.4900
Stearns MacFeather,thursday ,1772104.8100
Sylvia Panteley,thursday ,6525847.4000
Abraham Bennet,friday   ,15885937.1200
Albert Ringer,friday   ,16731498.3900
Ann Dull,friday   ,2673022.1100
Anne Ringer,friday   ,3107007.8000
Burt Gringlesby,friday   ,6739985.6000
Charlene Locksley,friday   ,8337454.8600
Cheryl Carson,friday   ,6466871.2400
Dean Straight,friday   ,14156175.3600
Dirk Stringer,friday   ,46310957.5500
Heather McBadden,friday   ,15785433.2700
Innes del Castillo,friday   ,12072901.0500
Johnson White,friday   ,4803816.1700
Livia Karsen,friday   ,5015992.8400
Marjorie Green,friday   ,8739316.0000
Meander Smith,friday   ,5359784.4000
Michael O'Leary,friday   ,11308845.9900
Michel DeFrance,friday   ,29265313.0800
Morningstar Greene,friday   ,3000297.2600
Reginald Blotchet-Halls,friday   ,7583774.4000
Sheryl Hunter,friday   ,15500165.0800
Stearns MacFeather,friday   ,2935073.4700
Sylvia Panteley,friday   ,10983026.4000
Abraham Bennet,saturday ,14825772.5500
Albert Ringer,saturday ,37100460.9300
Ann Dull,saturday ,2173634.5300
Anne Ringer,saturday ,4240817.8000
Burt Gringlesby,saturday ,7031392.8000
Charlene Locksley,saturday ,6540696.3900
Cheryl Carson,saturday ,6437787.5000
Dean Straight,saturday ,6822582.6400
Dirk Stringer,saturday ,34726606.2000
Heather McBadden,saturday ,18972321.0900
Innes del Castillo,saturday ,24650329.4400
Johnson White,saturday ,6724852.0450
Livia Karsen,saturday ,16758470.9700
Marjorie Green,saturday ,8944343.4000
Meander Smith,saturday ,5380678.5300
Michael O'Leary,saturday ,7911633.8700
Michel DeFrance,saturday ,30527520.8200
Morningstar Greene,saturday ,7003798.3000
Reginald Blotchet-Halls,saturday ,6363332.0000
Sheryl Hunter,saturday ,9889156.3200
Stearns MacFeather,saturday ,1241692.6400
Sylvia Panteley,saturday ,7277409.8000
Abraham Bennet,sunday   ,11139121.3400
Albert Ringer,sunday   ,20192636.6900
Ann Dull,sunday   ,1844599.3900
Anne Ringer,sunday   ,2745479.2000
Burt Gringlesby,sunday   ,11687396.0000
Charlene Locksley,sunday   ,5322457.4700
Cheryl Carson,sunday   ,4764320.1400
Dean Straight,sunday   ,10265667.7000
Dirk Stringer,sunday   ,49213657.3500
Heather McBadden,sunday   ,13424900.1500
Innes del Castillo,sunday   ,18076535.4600
Johnson White,sunday   ,6565113.4800
Livia Karsen,sunday   ,3479775.1100
Marjorie Green,sunday   ,8982035.4000
Meander Smith,sunday   ,3338252.1300
Michael O'Leary,sunday   ,12169598.0200
Michel DeFrance,sunday   ,25525977.7800
Morningstar Greene,sunday   ,4933133.3800
Reginald Blotchet-Halls,sunday   ,5577538.4000
Sheryl Hunter,sunday   ,10199300.5500
Stearns MacFeather,sunday   ,1795669.1100
Sylvia Panteley,sunday   ,4138076.5000
Abraham Bennet,monday   ,14293368.1300
Albert Ringer,monday   ,19939383.1200
Ann Dull,monday   ,2272865.0200
Anne Ringer,monday   ,2864944.0000
Burt Gringlesby,monday   ,7760651.2000
Charlene Locksley,monday   ,6596277.6900
Cheryl Carson,monday   ,5389890.9800
Dean Straight,monday   ,10419113.2800
Dirk Stringer,monday   ,52340616.9000
Heather McBadden,monday   ,15182089.2100
Innes del Castillo,monday   ,24093248.5200
Johnson White,monday   ,7521541.1000
Livia Karsen,monday   ,12139215.7800
Marjorie Green,monday   ,4951882.4500
Meander Smith,monday   ,2977202.6700
Michael O'Leary,monday   ,7911633.8700
Michel DeFrance,monday   ,40864914.3300
Morningstar Greene,monday   ,6364982.6400
Reginald Blotchet-Halls,monday   ,5535762.4000
Sheryl Hunter,monday   ,10457358.8500
Stearns MacFeather,monday   ,2290807.5800
Sylvia Panteley,monday   ,7074462.5000
Abraham Bennet,tuesday  ,16499639.7300
Albert Ringer,tuesday  ,21643202.7300
Ann Dull,tuesday  ,2536457.0400
Anne Ringer,tuesday  ,3548179.6000
Burt Gringlesby,tuesday  ,6699272.0000
Charlene Locksley,tuesday  ,8260201.2300
Cheryl Carson,tuesday  ,4615093.3000
Dean Straight,tuesday  ,14882539.7800
Dirk Stringer,tuesday  ,54293382.0000
Heather McBadden,tuesday  ,22587382.3000
Innes del Castillo,tuesday  ,15536488.6500
Johnson White,tuesday  ,7378500.3800
Livia Karsen,tuesday  ,12118011.7800
Marjorie Green,tuesday  ,6003255.3500
Meander Smith,tuesday  ,3988342.4100
Michael O'Leary,tuesday  ,7847519.4700
Michel DeFrance,tuesday  ,37309950.3900
Morningstar Greene,tuesday  ,3048862.0600
Reginald Blotchet-Halls,tuesday  ,4439330.4000
Sheryl Hunter,tuesday  ,12068373.1300
Stearns MacFeather,tuesday  ,2121787.2200
Sylvia Panteley,tuesday  ,7523943.6000
Abraham Bennet,wednesday,14507824.4600
Albert Ringer,wednesday,28261260.5500
Ann Dull,wednesday,2607578.9900
Anne Ringer,wednesday,2622880.2000
Burt Gringlesby,wednesday,8026452.8000
Charlene Locksley,wednesday,8169177.6300
Cheryl Carson,wednesday,4897291.3600
Dean Straight,wednesday,14399904.7400
Dirk Stringer,wednesday,47762307.4500
Heather McBadden,wednesday,19791127.0300
Innes del Castillo,wednesday,19400229.5400
Johnson White,wednesday,6699004.1700
Livia Karsen,wednesday,6594618.5700
Marjorie Green,wednesday,7723745.5500
Meander Smith,wednesday,2657194.2600
Michael O'Leary,wednesday,10466412.3600
Michel DeFrance,wednesday,32442603.0500
Morningstar Greene,wednesday,4797940.7500
Reginald Blotchet-Halls,wednesday,5722435.2000
Sheryl Hunter,wednesday,7170175.0300
Stearns MacFeather,wednesday,1575022.8800
Sylvia Panteley,wednesday,9033760.9000
Abraham Bennet,thursday ,16903727.3100
Albert Ringer,thursday ,22474772.6300
Ann Dull,thursday ,3144613.2300
Anne Ringer,thursday ,2745479.2000
Burt Gringlesby,thursday ,7868140.8000
Charlene Locksley,thursday ,7803042.4800
Cheryl Carson,thursday ,4849668.1600
Dean Straight,thursday ,8094512.3600
Dirk Stringer,thursday ,48013015.0500
Heather McBadden,thursday ,22387563.1800
Innes del Castillo,thursday ,16793629.4400
Johnson White,thursday ,7137955.2250
Livia Karsen,thursday ,10234472.7100
Marjorie Green,thursday ,6298120.3000
Meander Smith,thursday ,5008061.1900
Michael O'Leary,thursday ,8799863.5000
Michel DeFrance,thursday ,29105263.9400
Morningstar Greene,thursday ,6650676.0700
Reginald Blotchet-Halls,thursday ,7018591.2000
Sheryl Hunter,thursday ,12135772.4600
Stearns MacFeather,thursday ,2198950.1100
Sylvia Panteley,thursday ,6000764.6000
Abraham Bennet,friday   ,15841924.4800
Albert Ringer,friday   ,19411237.3200
Ann Dull,friday   ,2508972.6600
Anne Ringer,friday   ,4035441.4000
Burt Gringlesby,friday   ,6071936.8000
Charlene Locksley,friday   ,5822449.7700
Cheryl Carson,friday   ,4217321.5600
Dean Straight,friday   ,13490081.4000
Dirk Stringer,friday   ,38354980.9500
Heather McBadden,friday   ,24152400.0900
Innes del Castillo,friday   ,19425363.7200
Johnson White,friday   ,8655160.6600
Livia Karsen,friday   ,13650635.8200
Marjorie Green,friday   ,7004039.2000
Meander Smith,friday   ,3296463.8700
Michael O'Leary,friday   ,6245085.0100
Michel DeFrance,friday   ,21778476.8400
Morningstar Greene,friday   ,4594294.9800
Reginald Blotchet-Halls,friday   ,6791456.8000
Sheryl Hunter,friday   ,13842917.3600
Stearns MacFeather,friday   ,1364834.6700
Sylvia Panteley,friday   ,6038580.9000
Abraham Bennet,saturday ,19758892.5500
Albert Ringer,saturday ,23325085.5800
Ann Dull,saturday ,2503579.4400
Anne Ringer,saturday ,4038575.6000
Burt Gringlesby,saturday ,7767976.8000
Charlene Locksley,saturday ,9667878.6000
Cheryl Carson,saturday ,3513178.4600
Dean Straight,saturday ,11613079.1400
Dirk Stringer,saturday ,54042674.4000
Heather McBadden,saturday ,21536718.0900
Innes del Castillo,saturday ,13954648.1400
Johnson White,saturday ,8176560.5250
Livia Karsen,saturday ,6374521.2300
Marjorie Green,saturday ,5272208.4500
Meander Smith,saturday ,2615406.0000
Michael O'Leary,saturday ,8772385.9000
Michel DeFrance,saturday ,39777555.7900
Morningstar Greene,saturday ,4807212.7500
Reginald Blotchet-Halls,saturday ,4663839.2000
Sheryl Hunter,saturday ,9682946.0300
Stearns MacFeather,saturday ,1774138.8300
Sylvia Panteley,saturday ,7493591.6000
Abraham Bennet,sunday   ,19788389.6100
Albert Ringer,sunday   ,36161874.3500
Ann Dull,sunday   ,3293160.1200
Anne Ringer,sunday   ,2665836.0000
Burt Gringlesby,sunday   ,5524836.8000
Charlene Locksley,sunday   ,6894335.1900
Cheryl Carson,sunday   ,2969948.4000
Dean Straight,sunday   ,13269405.5400
Dirk Stringer,sunday   ,48013015.0500
Heather McBadden,sunday   ,20044773.1800
Innes del Castillo,sunday   ,10363735.4700
Johnson White,sunday   ,5458343.4150
Livia Karsen,sunday   ,16208662.6000
Marjorie Green,sunday   ,4950325.9500
Meander Smith,sunday   ,4679473.7400
Michael O'Leary,sunday   ,5329377.7800
Michel DeFrance,sunday   ,19670857.6100
Morningstar Greene,sunday   ,3663125.0900
Reginald Blotchet-Halls,sunday   ,5542286.4000
Sheryl Hunter,sunday   ,9106646.9400
Stearns MacFeather,sunday   ,2202792.6400
Sylvia Panteley,sunday   ,7657354.0000
Abraham Bennet,monday   ,20349447.3200
Albert Ringer,monday   ,26778061.4300
Ann Dull,monday   ,3057364.5600
Anne Ringer,monday   ,3024230.4000
Burt Gringlesby,monday   ,9162957.6000
Charlene Locksley,monday   ,7367556.0600
Cheryl Carson,monday   ,4910539.7400
Dean Straight,monday   ,15326226.9600
Dirk Stringer,monday   ,41481940.5000
Heather McBadden,monday   ,18314124.0900
Innes del Castillo,monday   ,21642313.9500
Johnson White,monday   ,8465660.5650
Livia Karsen,monday   ,7921340.9600
Marjorie Green,monday   ,8467689.5000
Meander Smith,monday   ,3008917.4700
Michael O'Leary,monday   ,4459466.5500
Michel DeFrance,monday   ,25893363.9800
Morningstar Greene,monday   ,4313995.1500
Reginald Blotchet-Halls,monday   ,5196399.2000
Sheryl Hunter,monday   ,9615491.3800
Stearns MacFeather,monday   ,2326797.3200
Sylvia Panteley,monday   ,4379731.5000
Abraham Bennet,tuesday  ,16995968.8100
Albert Ringer,tuesday  ,27775417.9800
Ann Dull,tuesday  ,1674871.1100
Anne Ringer,tuesday  ,2864944.0000
Burt Gringlesby,tuesday  ,8638112.8000
Charlene Locksley,tuesday  ,6598827.2400
Cheryl Carson,tuesday  ,4085111.6200
Dean Straight,tuesday  ,12594902.1600
Dirk Stringer,tuesday  ,54992609.1000
Heather McBadden,tuesday  ,13369111.2100
Innes del Castillo,tuesday  ,21240557.5200
Johnson White,tuesday  ,6533303.8900
Livia Karsen,tuesday  ,11866108.4400
Marjorie Green,tuesday  ,3910293.6000
Meander Smith,tuesday  ,5072238.0000
Michael O'Leary,tuesday  ,7920793.0700
Michel DeFrance,tuesday  ,36573055.8600
Morningstar Greene,tuesday  ,5276036.4100
Reginald Blotchet-Halls,tuesday  ,5734172.0000
Sheryl Hunter,tuesday  ,9723326.9800
Stearns MacFeather,tuesday  ,1647976.4200
Sylvia Panteley,tuesday  ,5918946.4000
